[
    {
        "Description": null,
        "FileManagerId": 129188,
        "WebServiceType": null,
        "FileDescription": "244.3_CONG_Fall_Report_Final_nrss.pdf",
        "NeedsToBeQueued": false,
        "FileSize": 6272136,
        "LastVerified": "/Date(-62135571600000)/",
        "Id": 461688,
        "Url": "https://irma.nps.gov/DataStore/DownloadFile/461688",
        "HoldingType": 0,
        "ServiceTemplate": null,
        "DisableDownload": false,
        "MimeType": "application/pdf",
        "QueueForServices": false,
        "Accessibility": null,
        "DisplayOrder": 1
    }
]