[
    {
        "Description": "Final PDF report",
        "FileManagerId": 86665,
        "WebServiceType": null,
        "FileDescription": "SLBE_VegInvProg_Report_NRPM.pdf",
        "NeedsToBeQueued": false,
        "FileSize": 259896863,
        "LastVerified": "/Date(-62135571600000)/",
        "Id": 430799,
        "Url": "https://irma.nps.gov/DataStore/DownloadFile/430799",
        "HoldingType": 0,
        "ServiceTemplate": null,
        "DisableDownload": false,
        "MimeType": "application/pdf",
        "QueueForServices": false,
        "Accessibility": null,
        "DisplayOrder": 1
    }
]