[
    {
        "Description": null,
        "FileManagerId": 134926,
        "WebServiceType": null,
        "FileDescription": "CONG_report_final_nrss.pdf",
        "NeedsToBeQueued": false,
        "FileSize": 2347574,
        "LastVerified": "/Date(-62135571600000)/",
        "Id": 449178,
        "Url": "https://irma.nps.gov/DataStore/DownloadFile/449178",
        "HoldingType": 0,
        "ServiceTemplate": null,
        "DisableDownload": false,
        "MimeType": "application/pdf",
        "QueueForServices": false,
        "Accessibility": null,
        "DisplayOrder": 1
    }
]