[
    {
        "Description": null,
        "FileManagerId": 81750,
        "WebServiceType": null,
        "FileDescription": "RMNP-trends_2009_NRSS_final_9-27-11.pdf",
        "NeedsToBeQueued": false,
        "FileSize": 6286259,
        "LastVerified": "/Date(-62135571600000)/",
        "Id": 436576,
        "Url": "https://irma.nps.gov/DataStore/DownloadFile/436576",
        "HoldingType": 0,
        "ServiceTemplate": null,
        "DisableDownload": false,
        "MimeType": "application/pdf",
        "QueueForServices": false,
        "Accessibility": null,
        "DisplayOrder": 1
    }
]