[
    {
        "Description": null,
        "FileManagerId": 123362,
        "WebServiceType": null,
        "FileDescription": "GRKO-2013-MGM2-final_nrss.pdf",
        "NeedsToBeQueued": false,
        "FileSize": 227448,
        "LastVerified": "/Date(-62135571600000)/",
        "Id": 494893,
        "Url": "https://irma.nps.gov/DataStore/DownloadFile/494893",
        "HoldingType": 0,
        "ServiceTemplate": null,
        "DisableDownload": false,
        "MimeType": "application/pdf",
        "QueueForServices": false,
        "Accessibility": null,
        "DisplayOrder": 1
    }
]