{
    "NewestVersion": null,
    "Description": "In 2008 the Biological Resource Management Division of the National Park Service launched a multi-faceted inquiry to inform management of human‐wildlife habituation across the National Park system. As part of the inquiry, a literature‐based review on this topic was conducted. The goal of the review was to: examine key aspects of the human dimensions of human‐wildlife habituation; identify knowledge gaps; and provide recommendations for application of this information to management. \n\nWe used keyword and targeted searches of peer-reviewed literature to identify papers for this review. Our search yielded many studies that addressed issues related to habituation, food-conditioning, and management interventions related to human-wildlife interactions. After review, we synthesized the findings and grouped them into categories under common themes: the human dimensions of interventions addressing human-wildlife interactions; the human dimensions of information and education campaigns designed to influence human behavior in other park contexts; recommendations to influence human-wildlife interactions; impacts of habituation, food conditioning, visitation.\n\nOur literature review confirmed that little research has been conducted on the human dimensions of interventions designed to influence wildlife habituation and food conditioning in national parks. The majority of articles focused on wildlife and had human dimensions as a secondary component or discussed human dimensions cursorily in management implications and recommendations. We did, however, identify a substantial amount of literature that dealt with concepts, issues, or methodologies relevant to research and management of human-wildlife interactions in parks. The synthesis of this related work provides some insight to inform future human dimensions inquiry and management approaches.",
    "MasterId": null,
    "CanHaveProjectAndSiblings": true,
    "RelatedCaption": "Related Published Report Section",
    "TypeId": "PublishedReport",
    "CrossRefCount": 0,
    "Downloadability": "Public",
    "TypeName": "Published Report",
    "LinkedResourceCount": 1,
    "ReferenceId": 2193053,
    "Visibility": "Public",
    "OriginatingPrpCount": 0,
    "CanBeVersioned": true,
    "CanHaveChildren": true,
    "RefVersionsCount": 0,
    "RelatedCount": 0,
    "SelfFieldInfoInternal": [
        {
            "Required": false,
            "Name": "ContentBeginDate",
            "DisplayName": "Content Begin Date",
            "ContactType": null
        },
        {
            "Required": false,
            "Name": "ContentEndDate",
            "DisplayName": "Content End Date",
            "ContactType": null
        },
        {
            "Required": false,
            "Name": "DateOfIssue",
            "DisplayName": "Date Published",
            "ContactType": null
        },
        {
            "Required": false,
            "Name": "Description",
            "DisplayName": "Description",
            "ContactType": null
        },
        {
            "Required": false,
            "Name": "Edition",
            "DisplayName": "Edition",
            "ContactType": null
        },
        {
            "Required": false,
            "Name": "Location",
            "DisplayName": "Place Published",
            "ContactType": null
        },
        {
            "Required": false,
            "Name": "MiscCode",
            "DisplayName": "Report Number/ID",
            "ContactType": null
        },
        {
            "Required": false,
            "Name": "Notes",
            "DisplayName": "Notes",
            "ContactType": null
        },
        {
            "Required": false,
            "Name": "Publisher",
            "DisplayName": "Publisher",
            "ContactType": null
        },
        {
            "Required": false,
            "Name": "Size1",
            "DisplayName": "Number of Pages",
            "ContactType": null
        },
        {
            "Required": false,
            "Name": "TableOfContents",
            "DisplayName": "Table of Contents",
            "ContactType": null
        },
        {
            "Required": true,
            "Name": "Title",
            "DisplayName": "Title",
            "ContactType": null
        },
        {
            "Required": false,
            "Name": "Contacts1",
            "DisplayName": "Author(s)",
            "ContactType": "Mixed"
        },
        {
            "Required": false,
            "Name": "Contacts2",
            "DisplayName": "Editor(s)",
            "ContactType": "Mixed"
        }
    ],
    "IsReadOnly": false,
    "Title": "Status of peer-reviewed literature on the human dimensions of managing wildlife habituation and food conditioning in National Parks",
    "DisableFilesLinksTab": false,
    "ParentFieldInfoInternal": [
        {
            "Required": false,
            "Name": "Publisher",
            "DisplayName": "Publisher",
            "ContactType": null
        },
        {
            "Required": true,
            "Name": "Title",
            "DisplayName": "Title",
            "ContactType": null
        }
    ],
    "CanHaveProducts": false,
    "ProductsCount": 0,
    "HasOriginationFlag": true,
    "DisplayCitation": "Hudenko HW and Others. 2013. Status of peer-reviewed literature on the human dimensions of managing wildlife habituation and food conditioning in National Parks. Natural Resource Report. NPS/BRMD/NRR—2013/628. National Park Service. Fort Collins, Colorado",
    "Lifecycle": "",
    "CanUserViewGrandparent": true,
    "CanUserViewParent": true
}