[
    {
        "Description": "Final report",
        "FileManagerId": 93836,
        "WebServiceType": null,
        "FileDescription": "NRR_lit_review_finalAppendix_nrss.pdf",
        "NeedsToBeQueued": false,
        "FileSize": 1000686,
        "LastVerified": "/Date(-62135571600000)/",
        "Id": 463791,
        "Url": "https://irma.nps.gov/DataStore/DownloadFile/463791",
        "HoldingType": 0,
        "ServiceTemplate": null,
        "DisableDownload": false,
        "MimeType": "application/pdf",
        "QueueForServices": false,
        "Accessibility": null,
        "DisplayOrder": 1
    }
]