[
    {
        "Description": null,
        "FileManagerId": 76305,
        "WebServiceType": null,
        "FileDescription": "KompM_WICA_NRCA_201112.pdf",
        "NeedsToBeQueued": false,
        "FileSize": 10232921,
        "LastVerified": "/Date(-62135571600000)/",
        "Id": 443122,
        "Url": "https://irma.nps.gov/DataStore/DownloadFile/443122",
        "HoldingType": 0,
        "ServiceTemplate": null,
        "DisableDownload": false,
        "MimeType": "application/pdf",
        "QueueForServices": false,
        "Accessibility": null,
        "DisplayOrder": 1
    }
]