[
    {
        "Description": null,
        "FileManagerId": 148998,
        "WebServiceType": null,
        "FileDescription": "SAND_Riparian_Assessment_Final.pdf",
        "NeedsToBeQueued": false,
        "FileSize": 4275749,
        "LastVerified": "/Date(-62135571600000)/",
        "Id": 492734,
        "Url": "https://irma.nps.gov/DataStore/DownloadFile/492734",
        "HoldingType": 0,
        "ServiceTemplate": null,
        "DisableDownload": false,
        "MimeType": "application/pdf",
        "QueueForServices": false,
        "Accessibility": null,
        "DisplayOrder": 1
    }
]