[
    {
        "Description": "Northeast Temperate Network Long-Term Rocky Intertidal Monitoring Protocol: 2012 revision",
        "FileManagerId": 108866,
        "WebServiceType": null,
        "FileDescription": "Rocky_Intertidal_Protocol_FINAL_20120229.pdf",
        "NeedsToBeQueued": false,
        "FileSize": 7065602,
        "LastVerified": "/Date(-62135571600000)/",
        "Id": 446717,
        "Url": "https://irma.nps.gov/DataStore/DownloadFile/446717",
        "HoldingType": 0,
        "ServiceTemplate": null,
        "DisableDownload": false,
        "MimeType": "application/pdf",
        "QueueForServices": false,
        "Accessibility": null,
        "DisplayOrder": 1
    }
]