[
    {
        "Description": "Northeast Temperate Network Breeding Landbird Monitoring Protocol: 2013 Revision",
        "FileManagerId": 90527,
        "WebServiceType": null,
        "FileDescription": "NETN_Landbird_Protocol_FINAL.pdf",
        "NeedsToBeQueued": false,
        "FileSize": 9259621,
        "LastVerified": "/Date(-62135571600000)/",
        "Id": 464118,
        "Url": "https://irma.nps.gov/DataStore/DownloadFile/464118",
        "HoldingType": 0,
        "ServiceTemplate": null,
        "DisableDownload": false,
        "MimeType": "application/pdf",
        "QueueForServices": false,
        "Accessibility": null,
        "DisplayOrder": 1
    }
]