[
    {
        "Description": null,
        "FileManagerId": 110003,
        "WebServiceType": null,
        "FileDescription": "KompM_DETO_NRCA_201112.pdf",
        "NeedsToBeQueued": false,
        "FileSize": 16756506,
        "LastVerified": "/Date(-62135571600000)/",
        "Id": 443118,
        "Url": "https://irma.nps.gov/DataStore/DownloadFile/443118",
        "HoldingType": 0,
        "ServiceTemplate": null,
        "DisableDownload": false,
        "MimeType": "application/pdf",
        "QueueForServices": false,
        "Accessibility": null,
        "DisplayOrder": 1
    }
]