[
    {
        "Description": null,
        "FileManagerId": 100242,
        "WebServiceType": null,
        "FileDescription": "NRR_FY2012_EPMT_Annual_Report.pdf",
        "NeedsToBeQueued": false,
        "FileSize": 6125551,
        "LastVerified": "/Date(-62135571600000)/",
        "Id": 471307,
        "Url": "https://irma.nps.gov/DataStore/DownloadFile/471307",
        "HoldingType": 0,
        "ServiceTemplate": null,
        "DisableDownload": false,
        "MimeType": "application/pdf",
        "QueueForServices": false,
        "Accessibility": null,
        "DisplayOrder": 1
    }
]