[
    {
        "Description": null,
        "FileManagerId": 89524,
        "WebServiceType": null,
        "FileDescription": "CSAP2_MWR_report_after_reviews_nrss.pdf",
        "NeedsToBeQueued": false,
        "FileSize": 913081,
        "LastVerified": "/Date(-62135571600000)/",
        "Id": 475472,
        "Url": "https://irma.nps.gov/DataStore/DownloadFile/475472",
        "HoldingType": 0,
        "ServiceTemplate": null,
        "DisableDownload": false,
        "MimeType": "application/pdf",
        "QueueForServices": false,
        "Accessibility": null,
        "DisplayOrder": 1
    }
]