[
    {
        "Description": null,
        "FileManagerId": 92665,
        "WebServiceType": null,
        "FileDescription": "CSAP2_NER_report_after_reviews_nrss.pdf",
        "NeedsToBeQueued": false,
        "FileSize": 913636,
        "LastVerified": "/Date(-62135571600000)/",
        "Id": 475474,
        "Url": "https://irma.nps.gov/DataStore/DownloadFile/475474",
        "HoldingType": 0,
        "ServiceTemplate": null,
        "DisableDownload": false,
        "MimeType": "application/pdf",
        "QueueForServices": false,
        "Accessibility": null,
        "DisplayOrder": 1
    }
]