[
    {
        "Description": null,
        "FileManagerId": 93514,
        "WebServiceType": null,
        "FileDescription": "Natural_Resource_Review_tech_report_2011_(Decker.Powers)_nrss[2].pdf",
        "NeedsToBeQueued": false,
        "FileSize": 947237,
        "LastVerified": "/Date(-62135571600000)/",
        "Id": 434886,
        "Url": "https://irma.nps.gov/DataStore/DownloadFile/434886",
        "HoldingType": 0,
        "ServiceTemplate": null,
        "DisableDownload": false,
        "MimeType": "application/pdf",
        "QueueForServices": false,
        "Accessibility": null,
        "DisplayOrder": 1
    }
]