[
    {
        "Description": "Northeast Temperate Network Breeding Landbird Monitoring Protocol: 2014 Revision (7 MB)",
        "FileManagerId": 72252,
        "WebServiceType": null,
        "FileDescription": "NETN_Landbird_Protocol_2014_Final.pdf",
        "NeedsToBeQueued": false,
        "FileSize": 8124747,
        "LastVerified": "/Date(-62135571600000)/",
        "Id": 494821,
        "Url": "https://irma.nps.gov/DataStore/DownloadFile/494821",
        "HoldingType": 0,
        "ServiceTemplate": null,
        "DisableDownload": false,
        "MimeType": "application/pdf",
        "QueueForServices": false,
        "Accessibility": null,
        "DisplayOrder": 1
    }
]