[
    {
        "Description": null,
        "FileManagerId": 119304,
        "WebServiceType": null,
        "FileDescription": "MEVE_report_Final_nrss_1.pdf",
        "NeedsToBeQueued": false,
        "FileSize": 4115429,
        "LastVerified": "/Date(-62135571600000)/",
        "Id": 470203,
        "Url": "https://irma.nps.gov/DataStore/DownloadFile/470203",
        "HoldingType": 0,
        "ServiceTemplate": null,
        "DisableDownload": false,
        "MimeType": "application/pdf",
        "QueueForServices": false,
        "Accessibility": null,
        "DisplayOrder": 1
    }
]