[
    {
        "Description": null,
        "FileManagerId": 134448,
        "WebServiceType": null,
        "FileDescription": "EPMT_FY2009_Annual_Report.pdf",
        "NeedsToBeQueued": false,
        "FileSize": 5601555,
        "LastVerified": "/Date(-62135571600000)/",
        "Id": 439740,
        "Url": "https://irma.nps.gov/DataStore/DownloadFile/439740",
        "HoldingType": 0,
        "ServiceTemplate": null,
        "DisableDownload": false,
        "MimeType": "application/pdf",
        "QueueForServices": false,
        "Accessibility": null,
        "DisplayOrder": 1
    }
]