[
    {
        "Description": null,
        "FileManagerId": 98715,
        "WebServiceType": null,
        "FileDescription": "LAVO_Report_final_summer_nrss.pdf",
        "NeedsToBeQueued": false,
        "FileSize": 5244378,
        "LastVerified": "/Date(-62135571600000)/",
        "Id": 488482,
        "Url": "https://irma.nps.gov/DataStore/DownloadFile/488482",
        "HoldingType": 0,
        "ServiceTemplate": null,
        "DisableDownload": false,
        "MimeType": "application/pdf",
        "QueueForServices": false,
        "Accessibility": null,
        "DisplayOrder": 1
    }
]