[
    {
        "Description": null,
        "FileManagerId": 74376,
        "WebServiceType": null,
        "FileDescription": "CACO_LTM_Hydrology_NPS_CACO_NRR_2011_469.pdf",
        "NeedsToBeQueued": false,
        "FileSize": 12854132,
        "LastVerified": "/Date(-62135571600000)/",
        "Id": 448318,
        "Url": "https://irma.nps.gov/DataStore/DownloadFile/448318",
        "HoldingType": 0,
        "ServiceTemplate": null,
        "DisableDownload": false,
        "MimeType": "application/pdf",
        "QueueForServices": false,
        "Accessibility": null,
        "DisplayOrder": 1
    }
]