[
    {
        "Description": null,
        "FileManagerId": 115439,
        "WebServiceType": null,
        "FileDescription": "Permanent_Freshwater_Wetland_Monitoring_Protocol__FINAL.pdf",
        "NeedsToBeQueued": false,
        "FileSize": 4415096,
        "LastVerified": "/Date(-62135571600000)/",
        "Id": 468384,
        "Url": "https://irma.nps.gov/DataStore/DownloadFile/468384",
        "HoldingType": 0,
        "ServiceTemplate": null,
        "DisableDownload": false,
        "MimeType": "application/pdf",
        "QueueForServices": false,
        "Accessibility": null,
        "DisplayOrder": 1
    }
]