[
    {
        "Description": "",
        "FileManagerId": 119026,
        "WebServiceType": null,
        "FileDescription": "ORIC_KLSE_final_rept_nrss.pdf",
        "NeedsToBeQueued": false,
        "FileSize": 4452660,
        "LastVerified": "/Date(-62135571600000)/",
        "Id": 485245,
        "Url": "https://irma.nps.gov/DataStore/DownloadFile/485245",
        "HoldingType": 0,
        "ServiceTemplate": null,
        "DisableDownload": false,
        "MimeType": "application/pdf",
        "QueueForServices": false,
        "Accessibility": null,
        "DisplayOrder": 1
    }
]