[
    {
        "Description": null,
        "FileManagerId": 82213,
        "WebServiceType": null,
        "FileDescription": "CACH_Rept_final_nrss.pdf",
        "NeedsToBeQueued": false,
        "FileSize": 4893614,
        "LastVerified": "/Date(-62135571600000)/",
        "Id": 488493,
        "Url": "https://irma.nps.gov/DataStore/DownloadFile/488493",
        "HoldingType": 0,
        "ServiceTemplate": null,
        "DisableDownload": false,
        "MimeType": "application/pdf",
        "QueueForServices": false,
        "Accessibility": null,
        "DisplayOrder": 1
    }
]