[
    {
        "Description": null,
        "FileManagerId": 72414,
        "WebServiceType": null,
        "FileDescription": "PERIrpt_nrss.pdf",
        "NeedsToBeQueued": false,
        "FileSize": 15277430,
        "LastVerified": "/Date(-62135571600000)/",
        "Id": 467698,
        "Url": "https://irma.nps.gov/DataStore/DownloadFile/467698",
        "HoldingType": 0,
        "ServiceTemplate": null,
        "DisableDownload": false,
        "MimeType": "application/pdf",
        "QueueForServices": false,
        "Accessibility": null,
        "DisplayOrder": 1
    },
    {
        "Description": "Vegetation Map",
        "FileManagerId": 106447,
        "WebServiceType": null,
        "FileDescription": "periveg.pdf",
        "NeedsToBeQueued": false,
        "FileSize": 600730,
        "LastVerified": "/Date(-62135571600000)/",
        "Id": 524414,
        "Url": "https://irma.nps.gov/DataStore/DownloadFile/524414",
        "HoldingType": 0,
        "ServiceTemplate": null,
        "DisableDownload": false,
        "MimeType": "application/pdf",
        "QueueForServices": false,
        "Accessibility": null,
        "DisplayOrder": 2
    }
]