[
    {
        "Description": null,
        "FileManagerId": 123735,
        "WebServiceType": null,
        "FileDescription": "WABA_final_report_nrss2.pdf",
        "NeedsToBeQueued": false,
        "FileSize": 3505401,
        "LastVerified": "/Date(-62135571600000)/",
        "Id": 491531,
        "Url": "https://irma.nps.gov/DataStore/DownloadFile/491531",
        "HoldingType": 0,
        "ServiceTemplate": null,
        "DisableDownload": false,
        "MimeType": "application/pdf",
        "QueueForServices": false,
        "Accessibility": null,
        "DisplayOrder": 1
    }
]