[
    {
        "Description": "Exotic Plant Management Team Annual Report 2013",
        "FileManagerId": 124726,
        "WebServiceType": null,
        "FileDescription": "NRR_FY2013_EPMT_Annual_Report_v5.1_nrss_(2).pdf",
        "NeedsToBeQueued": false,
        "FileSize": 7633567,
        "LastVerified": "/Date(-62135571600000)/",
        "Id": 491490,
        "Url": "https://irma.nps.gov/DataStore/DownloadFile/491490",
        "HoldingType": 0,
        "ServiceTemplate": null,
        "DisableDownload": false,
        "MimeType": "application/pdf",
        "QueueForServices": false,
        "Accessibility": null,
        "DisplayOrder": 1
    }
]