[
    {
        "Description": "Monitoring Protocol",
        "FileManagerId": 130715,
        "WebServiceType": null,
        "FileDescription": "Dawson_2013_NCRN_Forest_Bird_Monitoring_Protocol_Ver._1.0.pdf",
        "NeedsToBeQueued": false,
        "FileSize": 689633,
        "LastVerified": "/Date(-62135571600000)/",
        "Id": 491475,
        "Url": "https://irma.nps.gov/DataStore/DownloadFile/491475",
        "HoldingType": 0,
        "ServiceTemplate": null,
        "DisableDownload": false,
        "MimeType": "application/pdf",
        "QueueForServices": false,
        "Accessibility": null,
        "DisplayOrder": 1
    }
]