[
    {
        "Description": null,
        "FileManagerId": 87689,
        "WebServiceType": null,
        "FileDescription": "Lionfish_Response_Plan_final.pdf",
        "NeedsToBeQueued": false,
        "FileSize": 4213229,
        "LastVerified": "/Date(-62135571600000)/",
        "Id": 446845,
        "Url": "https://irma.nps.gov/DataStore/DownloadFile/446845",
        "HoldingType": 0,
        "ServiceTemplate": null,
        "DisableDownload": false,
        "MimeType": "application/pdf",
        "QueueForServices": false,
        "Accessibility": null,
        "DisplayOrder": 1
    }
]