[
    {
        "Description": null,
        "FileManagerId": 123568,
        "WebServiceType": null,
        "FileDescription": "FOUN_NRCA_final.pdf",
        "NeedsToBeQueued": false,
        "FileSize": 3047858,
        "LastVerified": "/Date(-62135571600000)/",
        "Id": 435148,
        "Url": "https://irma.nps.gov/DataStore/DownloadFile/435148",
        "HoldingType": 0,
        "ServiceTemplate": null,
        "DisableDownload": false,
        "MimeType": "application/pdf",
        "QueueForServices": false,
        "Accessibility": null,
        "DisplayOrder": 1
    }
]