[
    {
        "Description": null,
        "FileManagerId": 139504,
        "WebServiceType": null,
        "FileDescription": "Thomas_2011_Monocacy_National_Battlefield_Natural_Resource_Condition_Assessment_20110816.pdf",
        "NeedsToBeQueued": false,
        "FileSize": 24754952,
        "LastVerified": "/Date(-62135571600000)/",
        "Id": 433882,
        "Url": "https://irma.nps.gov/DataStore/DownloadFile/433882",
        "HoldingType": 0,
        "ServiceTemplate": null,
        "DisableDownload": false,
        "MimeType": "application/pdf",
        "QueueForServices": false,
        "Accessibility": null,
        "DisplayOrder": 1
    }
]