[
    {
        "Description": null,
        "FileManagerId": 130734,
        "WebServiceType": null,
        "FileDescription": "StarkK_JECA_NRCA_201112.pdf",
        "NeedsToBeQueued": false,
        "FileSize": 7211629,
        "LastVerified": "/Date(-62135571600000)/",
        "Id": 443119,
        "Url": "https://irma.nps.gov/DataStore/DownloadFile/443119",
        "HoldingType": 0,
        "ServiceTemplate": null,
        "DisableDownload": false,
        "MimeType": "application/pdf",
        "QueueForServices": false,
        "Accessibility": null,
        "DisplayOrder": 1
    }
]