[
    {
        "Description": null,
        "FileManagerId": 128607,
        "WebServiceType": null,
        "FileDescription": "LABE_NRCA_-_final.pdf",
        "NeedsToBeQueued": false,
        "FileSize": 9119519,
        "LastVerified": "/Date(-62135571600000)/",
        "Id": 486588,
        "Url": "https://irma.nps.gov/DataStore/DownloadFile/486588",
        "HoldingType": 0,
        "ServiceTemplate": null,
        "DisableDownload": false,
        "MimeType": "application/pdf",
        "QueueForServices": false,
        "Accessibility": null,
        "DisplayOrder": 1
    }
]