[
    {
        "Description": "2012 Monitoring and Tracking Wet Nitrogen Deposition at Rocky Mountain National Park (PDF, 2 MB)",
        "FileManagerId": 120898,
        "WebServiceType": null,
        "FileDescription": "rmnp-trends_2012.pdf",
        "NeedsToBeQueued": false,
        "FileSize": 2394038,
        "LastVerified": "/Date(-62135571600000)/",
        "Id": 488813,
        "Url": "https://irma.nps.gov/DataStore/DownloadFile/488813",
        "HoldingType": 0,
        "ServiceTemplate": null,
        "DisableDownload": false,
        "MimeType": "application/pdf",
        "QueueForServices": false,
        "Accessibility": null,
        "DisplayOrder": 1
    }
]