[
    {
        "Description": "Appendix 3 - Erosion and Mass Wasting",
        "FileManagerId": 80476,
        "WebServiceType": null,
        "FileDescription": "A3_Erosion_and_Mass_Wasting_nrss.pdf",
        "NeedsToBeQueued": false,
        "FileSize": 1435531,
        "LastVerified": "/Date(-62135571600000)/",
        "Id": 474423,
        "Url": "https://irma.nps.gov/DataStore/DownloadFile/474423",
        "HoldingType": 0,
        "ServiceTemplate": null,
        "DisableDownload": false,
        "MimeType": "application/pdf",
        "QueueForServices": false,
        "Accessibility": null,
        "DisplayOrder": 1
    }
]