{
    "NewestVersion": null,
    "Description": "Erosion and mass wasting is important to Sequoia and Kings Canyon National Parks (SEKI) for a number of reasons.\n It shapes the landscape.\n It is a dynamic force that influences the composition and successional direction of vegetation.\n It influences the distribution and abundance of aquatic resources, particularly benthic invertebrates and fish.\n It impacts infrastructure and puts lives at risk.\nThis report contains many examples of storms, landslides, debris flows, etc. Because of space limitations, those events are presented here in summary form without details. Fuller descriptions of the events are presented in the document, Floods and Droughts of the Tulare Lake Basin (Austin 2012), complete with citations. Many other examples are also included in that document.\nWhen describing various geomorphic processes, this report relies on the best available literature. Because relatively little geomorphic research has been conducted in SEKI, that results in the discussion of those processes being somewhat general in nature, as opposed to specific to SEKI. However, an understanding of these processes is necessary prior to describing the geodynamics that have been researched specifically in SEKI.",
    "MasterId": null,
    "CanHaveProjectAndSiblings": true,
    "RelatedCaption": "Related Published Report Section",
    "TypeId": "PublishedReport",
    "CrossRefCount": 0,
    "Downloadability": "Public",
    "TypeName": "Published Report",
    "LinkedResourceCount": 1,
    "ReferenceId": 2195495,
    "Visibility": "Public",
    "OriginatingPrpCount": 29,
    "CanBeVersioned": true,
    "CanHaveChildren": true,
    "RefVersionsCount": 0,
    "RelatedCount": 0,
    "SelfFieldInfoInternal": [
        {
            "Required": false,
            "Name": "ContentBeginDate",
            "DisplayName": "Content Begin Date",
            "ContactType": null
        },
        {
            "Required": false,
            "Name": "ContentEndDate",
            "DisplayName": "Content End Date",
            "ContactType": null
        },
        {
            "Required": false,
            "Name": "DateOfIssue",
            "DisplayName": "Date Published",
            "ContactType": null
        },
        {
            "Required": false,
            "Name": "Description",
            "DisplayName": "Description",
            "ContactType": null
        },
        {
            "Required": false,
            "Name": "Edition",
            "DisplayName": "Edition",
            "ContactType": null
        },
        {
            "Required": false,
            "Name": "Location",
            "DisplayName": "Place Published",
            "ContactType": null
        },
        {
            "Required": false,
            "Name": "MiscCode",
            "DisplayName": "Report Number/ID",
            "ContactType": null
        },
        {
            "Required": false,
            "Name": "Notes",
            "DisplayName": "Notes",
            "ContactType": null
        },
        {
            "Required": false,
            "Name": "Publisher",
            "DisplayName": "Publisher",
            "ContactType": null
        },
        {
            "Required": false,
            "Name": "Size1",
            "DisplayName": "Number of Pages",
            "ContactType": null
        },
        {
            "Required": false,
            "Name": "TableOfContents",
            "DisplayName": "Table of Contents",
            "ContactType": null
        },
        {
            "Required": true,
            "Name": "Title",
            "DisplayName": "Title",
            "ContactType": null
        },
        {
            "Required": false,
            "Name": "Contacts1",
            "DisplayName": "Author(s)",
            "ContactType": "Mixed"
        },
        {
            "Required": false,
            "Name": "Contacts2",
            "DisplayName": "Editor(s)",
            "ContactType": "Mixed"
        }
    ],
    "IsReadOnly": false,
    "Title": "A natural resource condition assessment for Sequoia and Kings Canyon National Parks: Appendix 3 – erosion and mass wasting",
    "DisableFilesLinksTab": false,
    "ParentFieldInfoInternal": [
        {
            "Required": false,
            "Name": "Publisher",
            "DisplayName": "Publisher",
            "ContactType": null
        },
        {
            "Required": true,
            "Name": "Title",
            "DisplayName": "Title",
            "ContactType": null
        }
    ],
    "CanHaveProducts": false,
    "ProductsCount": 0,
    "HasOriginationFlag": true,
    "DisplayCitation": "Austin JT. 2013. A natural resource condition assessment for Sequoia and Kings Canyon National Parks: Appendix 3 – erosion and mass wasting. Natural Resource Report. NPS/SEKI/NRR—2013/665.3. National Park Service. Fort Collins, Colorado",
    "Lifecycle": "",
    "CanUserViewGrandparent": true,
    "CanUserViewParent": true
}