[
    {
        "Description": "Appendix 19 - Native and Non-native Vertebrate Species",
        "FileManagerId": 142976,
        "WebServiceType": null,
        "FileDescription": "A19_Native_and_Nonative_Vertebrates_nrss.pdf",
        "NeedsToBeQueued": false,
        "FileSize": 1317265,
        "LastVerified": "/Date(-62135571600000)/",
        "Id": 474915,
        "Url": "https://irma.nps.gov/DataStore/DownloadFile/474915",
        "HoldingType": 0,
        "ServiceTemplate": null,
        "DisableDownload": false,
        "MimeType": "application/pdf",
        "QueueForServices": false,
        "Accessibility": null,
        "DisplayOrder": 1
    }
]