{
    "NewestVersion": 2229775,
    "Description": "The National Park Service has initiated a long-term ecological monitoring program known as\n“Vital Signs Monitoring” to provide the minimum infrastructure to allow more than 270 national\npark system units to identify and implement long-term monitoring of their highest-priority\nmeasurements of resource condition. This protocol outlines the justification and procedures for\nstreamside bird monitoring within the Eastern Rivers and Mountains Network – one of 32\necoregional “networks” or groupings of parks linked by geography and shared natural resource\ncharacteristics. The purpose of the streamside bird monitoring protocol is to collect and analyze\ndata and report information that will help park management maintain or improve the ecological\ncondition of park streams, including the rivers they are tributary to and the watersheds they\ndrain.\n\n“Streamside bird” refers to the breeding bird community surrounding streams. The area sampled\nin this protocol is along the park streams which are typically forested including a closed canopy\nover the stream. Therefore, the “streamside” bird community sampled is synonymous with what\nother monitoring programs refer to as “forest birds”, “breeding birds”, and “landbirds”. The\nimportant difference, and the purpose of including the term “streamside”, is not the bird\ncommunity per se, rather that the physical area sampled is limited to the land area surrounding\nstreams in each park.\n\nPrimary monitoring objectives of the streamside bird protocol are to:\n\n1. Estimate occupancy, density, and/or indices of abundance annually for select bird species\nand guilds at the park (target stream network) and stream reach scale;\n\n2. Estimate trends among years in occupancy, density, and/or indices of abundance for\nselect bird species and guilds at the park (target stream network) and stream reach scale;\n\n3. Calculate the Bird Community Index of biotic integrity annually at the park (target\nstream network) and stream reach scale; and\n\n4. Compare trends in occupancy, density, and/or indices of abundance for select bird species\nand guilds within ERMN parks to regional and continental trends.\n\nPoint count surveys are the most widely used quantitative method of monitoring bird populations\nand are used for this protocol as well. The survey technique involves using a standardized\nmethodology to record (“count”) all birds seen or heard during a fixed amount of time at count\nlocations (“points”). The resultant counts are used as an index of population abundance and these\ndata can be used to estimate abundance, density, and occupancy.\n\nThe Streamside Bird Monitoring Protocol consists of a narrative (this report) and Standard\nOperating Procedures (SOPs) that outline specific aspects of the monitoring protocol. The latest\nversions of the SOPs and additional supporting information can be accessed online at the\nNational Park Service's Eastern Rivers and Mountains Network website (http://science.nature.nps.gov/im/units/ermn).",
    "MasterId": null,
    "CanHaveProjectAndSiblings": true,
    "RelatedCaption": "Related Published Report Section",
    "TypeId": "PublishedReport",
    "CrossRefCount": 1,
    "Downloadability": "Public",
    "TypeName": "Published Report",
    "LinkedResourceCount": 14,
    "ReferenceId": 2190855,
    "Visibility": "Public",
    "OriginatingPrpCount": 0,
    "CanBeVersioned": true,
    "CanHaveChildren": true,
    "RefVersionsCount": 3,
    "RelatedCount": 0,
    "SelfFieldInfoInternal": [
        {
            "Required": false,
            "Name": "ContentBeginDate",
            "DisplayName": "Content Begin Date",
            "ContactType": null
        },
        {
            "Required": false,
            "Name": "ContentEndDate",
            "DisplayName": "Content End Date",
            "ContactType": null
        },
        {
            "Required": false,
            "Name": "DateOfIssue",
            "DisplayName": "Date Published",
            "ContactType": null
        },
        {
            "Required": false,
            "Name": "Description",
            "DisplayName": "Description",
            "ContactType": null
        },
        {
            "Required": false,
            "Name": "Edition",
            "DisplayName": "Edition",
            "ContactType": null
        },
        {
            "Required": false,
            "Name": "Location",
            "DisplayName": "Place Published",
            "ContactType": null
        },
        {
            "Required": false,
            "Name": "MiscCode",
            "DisplayName": "Report Number/ID",
            "ContactType": null
        },
        {
            "Required": false,
            "Name": "Notes",
            "DisplayName": "Notes",
            "ContactType": null
        },
        {
            "Required": false,
            "Name": "Publisher",
            "DisplayName": "Publisher",
            "ContactType": null
        },
        {
            "Required": false,
            "Name": "Size1",
            "DisplayName": "Number of Pages",
            "ContactType": null
        },
        {
            "Required": false,
            "Name": "TableOfContents",
            "DisplayName": "Table of Contents",
            "ContactType": null
        },
        {
            "Required": true,
            "Name": "Title",
            "DisplayName": "Title",
            "ContactType": null
        },
        {
            "Required": false,
            "Name": "Contacts1",
            "DisplayName": "Author(s)",
            "ContactType": "Mixed"
        },
        {
            "Required": false,
            "Name": "Contacts2",
            "DisplayName": "Editor(s)",
            "ContactType": "Mixed"
        }
    ],
    "IsReadOnly": true,
    "Title": "Streamside bird monitoring protocol for the Eastern Rivers and Mountains Network: Version 2.0.",
    "DisableFilesLinksTab": false,
    "ParentFieldInfoInternal": [
        {
            "Required": false,
            "Name": "Publisher",
            "DisplayName": "Publisher",
            "ContactType": null
        },
        {
            "Required": true,
            "Name": "Title",
            "DisplayName": "Title",
            "ContactType": null
        }
    ],
    "CanHaveProducts": false,
    "ProductsCount": 0,
    "HasOriginationFlag": true,
    "DisplayCitation": "Marshall M and Others. 2012. Streamside bird monitoring protocol for the Eastern Rivers and Mountains Network: Version 2.0.. Natural Resource Report. NPS/ERMN/NRR—2012/592. National Park Service. Fort Colllins, Colorado",
    "Lifecycle": "",
    "CanUserViewGrandparent": true,
    "CanUserViewParent": true
}