[
    {
        "Description": "ERMN Streamside Bird Protocol: Version 2.0",
        "FileManagerId": 111672,
        "WebServiceType": null,
        "FileDescription": "ERMN_StreamsideBirdProtocol_v2.0_NPS_NER_ERMN_2012_592.pdf",
        "NeedsToBeQueued": false,
        "FileSize": 1292064,
        "LastVerified": "/Date(-62135571600000)/",
        "Id": 458893,
        "Url": "https://irma.nps.gov/DataStore/DownloadFile/458893",
        "HoldingType": 0,
        "ServiceTemplate": null,
        "DisableDownload": false,
        "MimeType": "application/pdf",
        "QueueForServices": false,
        "Accessibility": null,
        "DisplayOrder": 1
    },
    {
        "Description": "SOP 2 Before the Field Season",
        "FileManagerId": 126289,
        "WebServiceType": null,
        "FileDescription": "SOP_2_Before_the_Field_Season.pdf",
        "NeedsToBeQueued": false,
        "FileSize": 23092,
        "LastVerified": "/Date(-62135571600000)/",
        "Id": 463240,
        "Url": "https://irma.nps.gov/DataStore/DownloadFile/463240",
        "HoldingType": 0,
        "ServiceTemplate": null,
        "DisableDownload": false,
        "MimeType": "application/pdf",
        "QueueForServices": false,
        "Accessibility": null,
        "DisplayOrder": 2
    },
    {
        "Description": "SOP 3 Hiring Field Crews",
        "FileManagerId": 147622,
        "WebServiceType": null,
        "FileDescription": "SOP_3_Hiring_Field_Crews.pdf",
        "NeedsToBeQueued": false,
        "FileSize": 53442,
        "LastVerified": "/Date(-62135571600000)/",
        "Id": 463241,
        "Url": "https://irma.nps.gov/DataStore/DownloadFile/463241",
        "HoldingType": 0,
        "ServiceTemplate": null,
        "DisableDownload": false,
        "MimeType": "application/pdf",
        "QueueForServices": false,
        "Accessibility": null,
        "DisplayOrder": 3
    },
    {
        "Description": "SOP 5 Personal Safety",
        "FileManagerId": 104469,
        "WebServiceType": null,
        "FileDescription": "SOP_5_Personal_Safety.pdf",
        "NeedsToBeQueued": false,
        "FileSize": 405620,
        "LastVerified": "/Date(-62135571600000)/",
        "Id": 463242,
        "Url": "https://irma.nps.gov/DataStore/DownloadFile/463242",
        "HoldingType": 0,
        "ServiceTemplate": null,
        "DisableDownload": false,
        "MimeType": "application/pdf",
        "QueueForServices": false,
        "Accessibility": null,
        "DisplayOrder": 4
    },
    {
        "Description": "SOP 6 Radio Use",
        "FileManagerId": 80541,
        "WebServiceType": null,
        "FileDescription": "SOP_6_Radio_Use.pdf",
        "NeedsToBeQueued": false,
        "FileSize": 206855,
        "LastVerified": "/Date(-62135571600000)/",
        "Id": 463243,
        "Url": "https://irma.nps.gov/DataStore/DownloadFile/463243",
        "HoldingType": 0,
        "ServiceTemplate": null,
        "DisableDownload": false,
        "MimeType": "application/pdf",
        "QueueForServices": false,
        "Accessibility": null,
        "DisplayOrder": 5
    },
    {
        "Description": "SOP 1 Site Selection",
        "FileManagerId": 91525,
        "WebServiceType": null,
        "FileDescription": "SOP_1_Site_Selection.pdf",
        "NeedsToBeQueued": false,
        "FileSize": 2036197,
        "LastVerified": "/Date(-62135571600000)/",
        "Id": 463244,
        "Url": "https://irma.nps.gov/DataStore/DownloadFile/463244",
        "HoldingType": 0,
        "ServiceTemplate": null,
        "DisableDownload": false,
        "MimeType": "application/pdf",
        "QueueForServices": false,
        "Accessibility": null,
        "DisplayOrder": 6
    },
    {
        "Description": "SOP 4 Training Field Crews",
        "FileManagerId": 99126,
        "WebServiceType": null,
        "FileDescription": "SOP_4_Training_Field_Crews.pdf",
        "NeedsToBeQueued": false,
        "FileSize": 2553149,
        "LastVerified": "/Date(-62135571600000)/",
        "Id": 463245,
        "Url": "https://irma.nps.gov/DataStore/DownloadFile/463245",
        "HoldingType": 0,
        "ServiceTemplate": null,
        "DisableDownload": false,
        "MimeType": "application/pdf",
        "QueueForServices": false,
        "Accessibility": null,
        "DisplayOrder": 7
    },
    {
        "Description": "SOP 7 Vehicle Accident Procedures",
        "FileManagerId": 75457,
        "WebServiceType": null,
        "FileDescription": "SOP_7_Vehicle_Accident_Procedures.pdf",
        "NeedsToBeQueued": false,
        "FileSize": 1758485,
        "LastVerified": "/Date(-62135571600000)/",
        "Id": 463246,
        "Url": "https://irma.nps.gov/DataStore/DownloadFile/463246",
        "HoldingType": 0,
        "ServiceTemplate": null,
        "DisableDownload": false,
        "MimeType": "application/pdf",
        "QueueForServices": false,
        "Accessibility": null,
        "DisplayOrder": 8
    },
    {
        "Description": "SOP 10 Personal Locator Beacon",
        "FileManagerId": 136428,
        "WebServiceType": null,
        "FileDescription": "SOP_10_Personal_Locator_Beacon.pdf",
        "NeedsToBeQueued": false,
        "FileSize": 14786,
        "LastVerified": "/Date(-62135571600000)/",
        "Id": 463247,
        "Url": "https://irma.nps.gov/DataStore/DownloadFile/463247",
        "HoldingType": 0,
        "ServiceTemplate": null,
        "DisableDownload": false,
        "MimeType": "application/pdf",
        "QueueForServices": false,
        "Accessibility": null,
        "DisplayOrder": 9
    },
    {
        "Description": "SOP 9 Bird Community Index",
        "FileManagerId": 112658,
        "WebServiceType": null,
        "FileDescription": "SOP_9_Bird_Community_Index.pdf",
        "NeedsToBeQueued": false,
        "FileSize": 160433,
        "LastVerified": "/Date(-62135571600000)/",
        "Id": 463248,
        "Url": "https://irma.nps.gov/DataStore/DownloadFile/463248",
        "HoldingType": 0,
        "ServiceTemplate": null,
        "DisableDownload": false,
        "MimeType": "application/pdf",
        "QueueForServices": false,
        "Accessibility": null,
        "DisplayOrder": 10
    },
    {
        "Description": "SOP 8 Conducting Point Counts",
        "FileManagerId": 120190,
        "WebServiceType": null,
        "FileDescription": "SOP_8_Conducting_Point_Counts.pdf",
        "NeedsToBeQueued": false,
        "FileSize": 628230,
        "LastVerified": "/Date(-62135571600000)/",
        "Id": 463249,
        "Url": "https://irma.nps.gov/DataStore/DownloadFile/463249",
        "HoldingType": 0,
        "ServiceTemplate": null,
        "DisableDownload": false,
        "MimeType": "application/pdf",
        "QueueForServices": false,
        "Accessibility": null,
        "DisplayOrder": 11
    },
    {
        "Description": "ERMN Streamside Bird Protocol v2.0 - Point Count Data 2007-2012",
        "FileManagerId": 193429,
        "WebServiceType": null,
        "FileDescription": "2007_2012_ERMN_StreamsideBird_PointCountData.xlsx",
        "NeedsToBeQueued": false,
        "FileSize": 8674620,
        "LastVerified": "/Date(-62135571600000)/",
        "Id": 546774,
        "Url": "https://irma.nps.gov/DataStore/DownloadFile/546774",
        "HoldingType": 0,
        "ServiceTemplate": null,
        "DisableDownload": false,
        "MimeType": "application/vnd.openxmlformats-officedocument.spreadsheetml.sheet",
        "QueueForServices": false,
        "Accessibility": null,
        "DisplayOrder": 12
    },
    {
        "Description": "ERMN Streamside Bird Protocol v2.0 - Vegetation Cover Data 2008-2010",
        "FileManagerId": 193430,
        "WebServiceType": null,
        "FileDescription": "2008_2010_ERMN_StreamsideBird_VegetationCoverData.xlsx",
        "NeedsToBeQueued": false,
        "FileSize": 370040,
        "LastVerified": "/Date(-62135571600000)/",
        "Id": 546775,
        "Url": "https://irma.nps.gov/DataStore/DownloadFile/546775",
        "HoldingType": 0,
        "ServiceTemplate": null,
        "DisableDownload": false,
        "MimeType": "application/vnd.openxmlformats-officedocument.spreadsheetml.sheet",
        "QueueForServices": false,
        "Accessibility": null,
        "DisplayOrder": 13
    },
    {
        "Description": "ERMN Streamside Bird Protocol v2.0 - Hemlock Condition Data 2008-2012",
        "FileManagerId": 193431,
        "WebServiceType": null,
        "FileDescription": "2008_2012_ERMN_StreamsideBird_HemlockConditionData.xlsx",
        "NeedsToBeQueued": false,
        "FileSize": 147442,
        "LastVerified": "/Date(-62135571600000)/",
        "Id": 546776,
        "Url": "https://irma.nps.gov/DataStore/DownloadFile/546776",
        "HoldingType": 0,
        "ServiceTemplate": null,
        "DisableDownload": false,
        "MimeType": "application/vnd.openxmlformats-officedocument.spreadsheetml.sheet",
        "QueueForServices": false,
        "Accessibility": null,
        "DisplayOrder": 14
    }
]