[
    {
        "Description": "Ecological Integrity of Tree Regeneration in Acadia National Park Spruce-fir Forests",
        "FileManagerId": 93369,
        "WebServiceType": null,
        "FileDescription": "ACAD_Regen_Metric_Report_Final_2013_FINAL.pdf",
        "NeedsToBeQueued": false,
        "FileSize": 1536672,
        "LastVerified": "/Date(-62135571600000)/",
        "Id": 469611,
        "Url": "https://irma.nps.gov/DataStore/DownloadFile/469611",
        "HoldingType": 0,
        "ServiceTemplate": null,
        "DisableDownload": false,
        "MimeType": "application/pdf",
        "QueueForServices": false,
        "Accessibility": null,
        "DisplayOrder": 1
    }
]