[
    {
        "Description": "Natural Resource Condition Assessment for Theodore Roosevelt National Park ",
        "FileManagerId": 110530,
        "WebServiceType": null,
        "FileDescription": "THRO_NRCA_FinalReport_08092012_nrss.pdf",
        "NeedsToBeQueued": false,
        "FileSize": 14726008,
        "LastVerified": "/Date(-62135571600000)/",
        "Id": 491476,
        "Url": "https://irma.nps.gov/DataStore/DownloadFile/491476",
        "HoldingType": 0,
        "ServiceTemplate": null,
        "DisableDownload": false,
        "MimeType": "application/pdf",
        "QueueForServices": false,
        "Accessibility": null,
        "DisplayOrder": 1
    }
]