[
    {
        "Description": "pdf of final report",
        "FileManagerId": 90294,
        "WebServiceType": null,
        "FileDescription": "PlantsOfCAGR_NRR2012534_2185702.pdf",
        "NeedsToBeQueued": false,
        "FileSize": 26243277,
        "LastVerified": "/Date(-62135571600000)/",
        "Id": 449742,
        "Url": "https://irma.nps.gov/DataStore/DownloadFile/449742",
        "HoldingType": 0,
        "ServiceTemplate": null,
        "DisableDownload": false,
        "MimeType": "application/pdf",
        "QueueForServices": false,
        "Accessibility": null,
        "DisplayOrder": 1
    }
]