[
    {
        "Description": null,
        "FileManagerId": 120266,
        "WebServiceType": null,
        "FileDescription": "ZION_Paleontological_Site_Monitoring_Protocols_20121114_nrss.pdf",
        "NeedsToBeQueued": false,
        "FileSize": 3420336,
        "LastVerified": "/Date(-62135571600000)/",
        "Id": 459786,
        "Url": "https://irma.nps.gov/DataStore/DownloadFile/459786",
        "HoldingType": 0,
        "ServiceTemplate": null,
        "DisableDownload": false,
        "MimeType": "application/pdf",
        "QueueForServices": false,
        "Accessibility": null,
        "DisplayOrder": 1
    },
    {
        "Description": null,
        "FileManagerId": 105212,
        "WebServiceType": null,
        "FileDescription": "ZION_Paleontological_Site_Monitoring_Protocols_20121114_nrss.pdf",
        "NeedsToBeQueued": false,
        "FileSize": 3420336,
        "LastVerified": "/Date(-62135571600000)/",
        "Id": 459787,
        "Url": "https://irma.nps.gov/DataStore/DownloadFile/459787",
        "HoldingType": 0,
        "ServiceTemplate": null,
        "DisableDownload": false,
        "MimeType": "application/pdf",
        "QueueForServices": false,
        "Accessibility": null,
        "DisplayOrder": 2
    }
]