[
    {
        "Description": null,
        "FileManagerId": 145418,
        "WebServiceType": null,
        "FileDescription": "MNRR_report_Final_nrss.pdf",
        "NeedsToBeQueued": false,
        "FileSize": 7340494,
        "LastVerified": "/Date(-62135571600000)/",
        "Id": 467309,
        "Url": "https://irma.nps.gov/DataStore/DownloadFile/467309",
        "HoldingType": 0,
        "ServiceTemplate": null,
        "DisableDownload": false,
        "MimeType": "application/pdf",
        "QueueForServices": false,
        "Accessibility": null,
        "DisplayOrder": 1
    }
]