[
    {
        "Description": null,
        "FileManagerId": 97953,
        "WebServiceType": null,
        "FileDescription": "2011-412_RSS_Pilot_Review_report.pdf",
        "NeedsToBeQueued": false,
        "FileSize": 677742,
        "LastVerified": "/Date(-62135571600000)/",
        "Id": 430124,
        "Url": "https://irma.nps.gov/DataStore/DownloadFile/430124",
        "HoldingType": 0,
        "ServiceTemplate": null,
        "DisableDownload": false,
        "MimeType": "application/pdf",
        "QueueForServices": false,
        "Accessibility": null,
        "DisplayOrder": 1
    }
]