[
    {
        "Description": null,
        "FileManagerId": 103914,
        "WebServiceType": null,
        "FileDescription": "LIBO_Report_Final_nrss.pdf",
        "NeedsToBeQueued": false,
        "FileSize": 4175370,
        "LastVerified": "/Date(-62135571600000)/",
        "Id": 466012,
        "Url": "https://irma.nps.gov/DataStore/DownloadFile/466012",
        "HoldingType": 0,
        "ServiceTemplate": null,
        "DisableDownload": false,
        "MimeType": "application/pdf",
        "QueueForServices": false,
        "Accessibility": null,
        "DisplayOrder": 1
    }
]