[
    {
        "Description": null,
        "FileManagerId": 82671,
        "WebServiceType": null,
        "FileDescription": "HAFO_NRSS_final_rept.pdf",
        "NeedsToBeQueued": false,
        "FileSize": 4531372,
        "LastVerified": "/Date(-62135571600000)/",
        "Id": 510024,
        "Url": "https://irma.nps.gov/DataStore/DownloadFile/510024",
        "HoldingType": 0,
        "ServiceTemplate": null,
        "DisableDownload": false,
        "MimeType": "application/pdf",
        "QueueForServices": false,
        "Accessibility": null,
        "DisplayOrder": 1
    }
]