[
    {
        "Description": null,
        "FileManagerId": 87707,
        "WebServiceType": null,
        "FileDescription": "BIHO-2013-MGM2.pdf",
        "NeedsToBeQueued": false,
        "FileSize": 231192,
        "LastVerified": "/Date(-62135571600000)/",
        "Id": 510020,
        "Url": "https://irma.nps.gov/DataStore/DownloadFile/510020",
        "HoldingType": 0,
        "ServiceTemplate": null,
        "DisableDownload": false,
        "MimeType": "application/pdf",
        "QueueForServices": false,
        "Accessibility": null,
        "DisplayOrder": 1
    }
]