[
    {
        "Description": null,
        "FileManagerId": 133840,
        "WebServiceType": null,
        "FileDescription": "Thomas_2014_Natural_Resource_Condition_Assessment_of_Chesapeake_and_Ohio_Canal_National_Historical_Park.pdf",
        "NeedsToBeQueued": false,
        "FileSize": 76918598,
        "LastVerified": "/Date(-62135571600000)/",
        "Id": 489329,
        "Url": "https://irma.nps.gov/DataStore/DownloadFile/489329",
        "HoldingType": 0,
        "ServiceTemplate": null,
        "DisableDownload": false,
        "MimeType": "application/pdf",
        "QueueForServices": false,
        "Accessibility": null,
        "DisplayOrder": 1
    }
]