[
    {
        "Description": "Reduced-sized version (21Mb).",
        "FileManagerId": 140923,
        "WebServiceType": null,
        "FileDescription": "CAVO_NRR_NRCA_Final_small.pdf",
        "NeedsToBeQueued": false,
        "FileSize": 22027443,
        "LastVerified": "/Date(-62135571600000)/",
        "Id": 445184,
        "Url": "https://irma.nps.gov/DataStore/DownloadFile/445184",
        "HoldingType": 0,
        "ServiceTemplate": null,
        "DisableDownload": false,
        "MimeType": "application/pdf",
        "QueueForServices": false,
        "Accessibility": null,
        "DisplayOrder": 1
    },
    {
        "Description": "High quality print version (174 Mb.).",
        "FileManagerId": 70415,
        "WebServiceType": null,
        "FileDescription": "CAVO_NRR_NRCA_Final.pdf",
        "NeedsToBeQueued": false,
        "FileSize": 182159113,
        "LastVerified": "/Date(-62135571600000)/",
        "Id": 445574,
        "Url": "https://irma.nps.gov/DataStore/DownloadFile/445574",
        "HoldingType": 0,
        "ServiceTemplate": null,
        "DisableDownload": false,
        "MimeType": "application/pdf",
        "QueueForServices": false,
        "Accessibility": null,
        "DisplayOrder": 2
    }
]