[
    {
        "Description": null,
        "FileManagerId": 85291,
        "WebServiceType": null,
        "FileDescription": "JEFF-2012-MGM2-final_nrss.pdf",
        "NeedsToBeQueued": false,
        "FileSize": 1210446,
        "LastVerified": "/Date(-62135571600000)/",
        "Id": 475917,
        "Url": "https://irma.nps.gov/DataStore/DownloadFile/475917",
        "HoldingType": 0,
        "ServiceTemplate": null,
        "DisableDownload": false,
        "MimeType": "application/pdf",
        "QueueForServices": false,
        "Accessibility": null,
        "DisplayOrder": 1
    }
]