[
    {
        "Description": null,
        "FileManagerId": 94585,
        "WebServiceType": null,
        "FileDescription": "CSAP2_IMR_report_after_reviews_nrss.pdf",
        "NeedsToBeQueued": false,
        "FileSize": 910731,
        "LastVerified": "/Date(-62135571600000)/",
        "Id": 475471,
        "Url": "https://irma.nps.gov/DataStore/DownloadFile/475471",
        "HoldingType": 0,
        "ServiceTemplate": null,
        "DisableDownload": false,
        "MimeType": "application/pdf",
        "QueueForServices": false,
        "Accessibility": null,
        "DisplayOrder": 1
    }
]