[
    {
        "Description": null,
        "FileManagerId": 121953,
        "WebServiceType": null,
        "FileDescription": "Integrated_Upland_Protocol_Reduced_Size.pdf",
        "NeedsToBeQueued": false,
        "FileSize": 11319731,
        "LastVerified": "/Date(-62135571600000)/",
        "Id": 456615,
        "Url": "https://irma.nps.gov/DataStore/DownloadFile/456615",
        "HoldingType": 0,
        "ServiceTemplate": null,
        "DisableDownload": false,
        "MimeType": "application/pdf",
        "QueueForServices": false,
        "Accessibility": null,
        "DisplayOrder": 1
    }
]