[
    {
        "Description": null,
        "FileManagerId": 78050,
        "WebServiceType": null,
        "FileDescription": "CompSurvey_2008-2009_National_Technical_Report_August_2011.pdf",
        "NeedsToBeQueued": false,
        "FileSize": 923850,
        "LastVerified": "/Date(-62135571600000)/",
        "Id": 432490,
        "Url": "https://irma.nps.gov/DataStore/DownloadFile/432490",
        "HoldingType": 0,
        "ServiceTemplate": null,
        "DisableDownload": false,
        "MimeType": "application/pdf",
        "QueueForServices": false,
        "Accessibility": null,
        "DisplayOrder": 1
    }
]