[
    {
        "Description": "Appendix 5 - Soils",
        "FileManagerId": 79856,
        "WebServiceType": null,
        "FileDescription": "A5_Soils_nrss.pdf",
        "NeedsToBeQueued": false,
        "FileSize": 1133231,
        "LastVerified": "/Date(-62135571600000)/",
        "Id": 474489,
        "Url": "https://irma.nps.gov/DataStore/DownloadFile/474489",
        "HoldingType": 0,
        "ServiceTemplate": null,
        "DisableDownload": false,
        "MimeType": "application/pdf",
        "QueueForServices": false,
        "Accessibility": null,
        "DisplayOrder": 1
    }
]