[
    {
        "Description": null,
        "FileManagerId": 143321,
        "WebServiceType": null,
        "FileDescription": "StarkK_MNRR_NRCA_201112.pdf",
        "NeedsToBeQueued": false,
        "FileSize": 10590434,
        "LastVerified": "/Date(-62135571600000)/",
        "Id": 443125,
        "Url": "https://irma.nps.gov/DataStore/DownloadFile/443125",
        "HoldingType": 0,
        "ServiceTemplate": null,
        "DisableDownload": false,
        "MimeType": "application/pdf",
        "QueueForServices": false,
        "Accessibility": null,
        "DisplayOrder": 1
    }
]