[
    {
        "Description": "2008-2010 Black Abalone Monitoring Report at Channel Islands National Park",
        "FileManagerId": 141983,
        "WebServiceType": null,
        "FileDescription": "MEDN_BlackAbalone_CHIS_NRR_20120409.pdf",
        "NeedsToBeQueued": false,
        "FileSize": 2733960,
        "LastVerified": "/Date(-62135571600000)/",
        "Id": 451158,
        "Url": "https://irma.nps.gov/DataStore/DownloadFile/451158",
        "HoldingType": 0,
        "ServiceTemplate": null,
        "DisableDownload": false,
        "MimeType": "application/pdf",
        "QueueForServices": false,
        "Accessibility": null,
        "DisplayOrder": 1
    }
]