[
    {
        "Description": null,
        "FileManagerId": 122006,
        "WebServiceType": null,
        "FileDescription": "FOST-2011-MGM2_nrss.pdf",
        "NeedsToBeQueued": false,
        "FileSize": 845100,
        "LastVerified": "/Date(-62135571600000)/",
        "Id": 461573,
        "Url": "https://irma.nps.gov/DataStore/DownloadFile/461573",
        "HoldingType": 0,
        "ServiceTemplate": null,
        "DisableDownload": false,
        "MimeType": "application/pdf",
        "QueueForServices": false,
        "Accessibility": null,
        "DisplayOrder": 1
    }
]