[
    {
        "Description": null,
        "FileManagerId": 85052,
        "WebServiceType": null,
        "FileDescription": "CRLA_NRCA_-_final.pdf",
        "NeedsToBeQueued": false,
        "FileSize": 16023174,
        "LastVerified": "/Date(-62135571600000)/",
        "Id": 486592,
        "Url": "https://irma.nps.gov/DataStore/DownloadFile/486592",
        "HoldingType": 0,
        "ServiceTemplate": null,
        "DisableDownload": false,
        "MimeType": "application/pdf",
        "QueueForServices": false,
        "Accessibility": null,
        "DisplayOrder": 1
    }
]