[
    {
        "Description": null,
        "FileManagerId": 92148,
        "WebServiceType": null,
        "FileDescription": "MammalInvSAGURMD_NRR2011437_2174596.pdf",
        "NeedsToBeQueued": false,
        "FileSize": 6665725,
        "LastVerified": "/Date(-62135571600000)/",
        "Id": 433132,
        "Url": "https://irma.nps.gov/DataStore/DownloadFile/433132",
        "HoldingType": 0,
        "ServiceTemplate": null,
        "DisableDownload": false,
        "MimeType": "application/pdf",
        "QueueForServices": false,
        "Accessibility": null,
        "DisplayOrder": 1
    }
]