[
    {
        "Description": null,
        "FileManagerId": 122686,
        "WebServiceType": null,
        "FileDescription": "Economic_2013_Shutdown_Report_Final_nrss.pdf",
        "NeedsToBeQueued": false,
        "FileSize": 820813,
        "LastVerified": "/Date(-62135571600000)/",
        "Id": 490368,
        "Url": "https://irma.nps.gov/DataStore/DownloadFile/490368",
        "HoldingType": 0,
        "ServiceTemplate": null,
        "DisableDownload": false,
        "MimeType": "application/pdf",
        "QueueForServices": false,
        "Accessibility": null,
        "DisplayOrder": 1
    }
]