{
    "NewestVersion": null,
    "Description": "This report was developed to accompany the digital geologic map produced by Geologic Resources Inventory staff for Lava Beds National Monument (California). It contains information relevant to resource management and scientific research. Park specific geologic issues, geologic features and processes, a brief geologic history, and a map unit properties table that identifies and describes the resource characteristics of map units in the park area, are included in this report.",
    "MasterId": null,
    "CanHaveProjectAndSiblings": true,
    "RelatedCaption": "Related Published Report Section",
    "TypeId": "PublishedReport",
    "CrossRefCount": 0,
    "Downloadability": "Public",
    "TypeName": "Published Report",
    "LinkedResourceCount": 1,
    "ReferenceId": 2209459,
    "Visibility": "Public",
    "OriginatingPrpCount": 0,
    "CanBeVersioned": true,
    "CanHaveChildren": true,
    "RefVersionsCount": 0,
    "RelatedCount": 0,
    "SelfFieldInfoInternal": [
        {
            "Required": false,
            "Name": "ContentBeginDate",
            "DisplayName": "Content Begin Date",
            "ContactType": null
        },
        {
            "Required": false,
            "Name": "ContentEndDate",
            "DisplayName": "Content End Date",
            "ContactType": null
        },
        {
            "Required": false,
            "Name": "DateOfIssue",
            "DisplayName": "Date Published",
            "ContactType": null
        },
        {
            "Required": false,
            "Name": "Description",
            "DisplayName": "Description",
            "ContactType": null
        },
        {
            "Required": false,
            "Name": "Edition",
            "DisplayName": "Edition",
            "ContactType": null
        },
        {
            "Required": false,
            "Name": "Location",
            "DisplayName": "Place Published",
            "ContactType": null
        },
        {
            "Required": false,
            "Name": "MiscCode",
            "DisplayName": "Report Number/ID",
            "ContactType": null
        },
        {
            "Required": false,
            "Name": "Notes",
            "DisplayName": "Notes",
            "ContactType": null
        },
        {
            "Required": false,
            "Name": "Publisher",
            "DisplayName": "Publisher",
            "ContactType": null
        },
        {
            "Required": false,
            "Name": "Size1",
            "DisplayName": "Number of Pages",
            "ContactType": null
        },
        {
            "Required": false,
            "Name": "TableOfContents",
            "DisplayName": "Table of Contents",
            "ContactType": null
        },
        {
            "Required": true,
            "Name": "Title",
            "DisplayName": "Title",
            "ContactType": null
        },
        {
            "Required": false,
            "Name": "Contacts1",
            "DisplayName": "Author(s)",
            "ContactType": "Mixed"
        },
        {
            "Required": false,
            "Name": "Contacts2",
            "DisplayName": "Editor(s)",
            "ContactType": "Mixed"
        }
    ],
    "IsReadOnly": false,
    "Title": "Lava Beds National Monument: geologic resources inventory report",
    "DisableFilesLinksTab": false,
    "ParentFieldInfoInternal": [
        {
            "Required": false,
            "Name": "Publisher",
            "DisplayName": "Publisher",
            "ContactType": null
        },
        {
            "Required": true,
            "Name": "Title",
            "DisplayName": "Title",
            "ContactType": null
        }
    ],
    "CanHaveProducts": false,
    "ProductsCount": 0,
    "HasOriginationFlag": true,
    "DisplayCitation": "KellerLynn K. 2014. Lava Beds National Monument: geologic resources inventory report. Natural Resource Report. NPS/NRSS/GRD/NRR—2014/804. Natural Resource Stewardship and Science. Fort Collins, Colorado",
    "Lifecycle": "",
    "CanUserViewGrandparent": true,
    "CanUserViewParent": true
}