[
    {
        "Description": "This is a lower resolution, compiled file that includes the Map Unit Properties Table and Geologic Map Graphic. Visit the GRI publications page to download the individual, high-resolution, print-formatted report components.",
        "FileManagerId": 70740,
        "WebServiceType": null,
        "FileDescription": "labe_gri_rpt_view.pdf",
        "NeedsToBeQueued": false,
        "FileSize": 16151060,
        "LastVerified": "/Date(-62135571600000)/",
        "Id": 493739,
        "Url": "https://irma.nps.gov/DataStore/DownloadFile/493739",
        "HoldingType": 0,
        "ServiceTemplate": null,
        "DisableDownload": false,
        "MimeType": "application/pdf",
        "QueueForServices": false,
        "Accessibility": null,
        "DisplayOrder": 1
    },
    {
        "Description": "This is the GRI publications page. Scoping summaries, report components, and links to digital geologic map data (GIS) are available.",
        "FileManagerId": null,
        "WebServiceType": null,
        "FileDescription": null,
        "NeedsToBeQueued": false,
        "FileSize": 0,
        "LastVerified": "/Date(1398232800000)/",
        "Id": 493740,
        "Url": "http://www.nature.nps.gov/geology/inventory/gre_publications.cfm",
        "HoldingType": 1,
        "ServiceTemplate": null,
        "DisableDownload": false,
        "MimeType": null,
        "QueueForServices": false,
        "Accessibility": null,
        "DisplayOrder": 2
    }
]