[
    {
        "Description": null,
        "FileManagerId": 88365,
        "WebServiceType": null,
        "FileDescription": "NPS_Visitor_Values_&_Perception_rept_2013_nrss.pdf",
        "NeedsToBeQueued": false,
        "FileSize": 3258365,
        "LastVerified": "/Date(-62135571600000)/",
        "Id": 466580,
        "Url": "https://irma.nps.gov/DataStore/DownloadFile/466580",
        "HoldingType": 0,
        "ServiceTemplate": null,
        "DisableDownload": false,
        "MimeType": "application/pdf",
        "QueueForServices": false,
        "Accessibility": null,
        "DisplayOrder": 1
    }
]