[
    {
        "Description": null,
        "FileManagerId": 97917,
        "WebServiceType": null,
        "FileDescription": "STRI_NRSS_final_rept.pdf",
        "NeedsToBeQueued": false,
        "FileSize": 4052409,
        "LastVerified": "/Date(-62135571600000)/",
        "Id": 510030,
        "Url": "https://irma.nps.gov/DataStore/DownloadFile/510030",
        "HoldingType": 0,
        "ServiceTemplate": null,
        "DisableDownload": false,
        "MimeType": "application/pdf",
        "QueueForServices": false,
        "Accessibility": null,
        "DisplayOrder": 1
    }
]