[
    {
        "Description": "Final report",
        "FileManagerId": 76632,
        "WebServiceType": null,
        "FileDescription": "NRR_from_HD_workshop_nrss.pdf",
        "NeedsToBeQueued": false,
        "FileSize": 550096,
        "LastVerified": "/Date(-62135571600000)/",
        "Id": 463783,
        "Url": "https://irma.nps.gov/DataStore/DownloadFile/463783",
        "HoldingType": 0,
        "ServiceTemplate": null,
        "DisableDownload": false,
        "MimeType": "application/pdf",
        "QueueForServices": false,
        "Accessibility": null,
        "DisplayOrder": 1
    }
]