{
    "NewestVersion": null,
    "Description": "In 2008 the Biological Resource Management Division of the National Park Service (NPS) launched a multi-faceted inquiry to inform management of human-wildlife habituation across the National Park system. The NPS created a Task Agreement with Cornell University to complete several parts of the inquiry. To begin the inquiry, a habituation-themed workshop was conducted with wildlife and human dimensions researchers and practitioners at a professional conference. The goal of the workshop was to advance understanding of habituation and identify and prioritize the most urgent research needs related to human‐wildlife habituation in protected areas.\n\n\nThe workshop included a series of presentations about habituation and the role it plays in human-wildlife interactions in national parks. Workshop participants broke into small groups for facilitated discussions. Groups prioritized the aspects of human-wildlife habituation they felt were most urgent and needed attention to improve management of human-wildlife interactions in protected areas. Session participants then reconvened to summarize and synthesize input from the break-out groups and to discuss potential implications for policy, education/training, and management interventions.\nWildlife managers and human dimensions researchers and practitioners emphasized their desire to better understand human-wildlife habituation and the positive and negative consequences for park resources and visitor experiences. Workshop participants highlighted the need for integrated human dimensions and biological habituation research agendas. There was consensus among participants that standard protocol for addressing habituation issues is lacking across the NPS. Workshop participants indicated that improved understanding of human expectations was critical to managing habituation issues in protected areas.",
    "MasterId": null,
    "CanHaveProjectAndSiblings": true,
    "RelatedCaption": "Related Published Report Section",
    "TypeId": "PublishedReport",
    "CrossRefCount": 0,
    "Downloadability": "Public",
    "TypeName": "Published Report",
    "LinkedResourceCount": 1,
    "ReferenceId": 2193052,
    "Visibility": "Public",
    "OriginatingPrpCount": 0,
    "CanBeVersioned": true,
    "CanHaveChildren": true,
    "RefVersionsCount": 0,
    "RelatedCount": 0,
    "SelfFieldInfoInternal": [
        {
            "Required": false,
            "Name": "ContentBeginDate",
            "DisplayName": "Content Begin Date",
            "ContactType": null
        },
        {
            "Required": false,
            "Name": "ContentEndDate",
            "DisplayName": "Content End Date",
            "ContactType": null
        },
        {
            "Required": false,
            "Name": "DateOfIssue",
            "DisplayName": "Date Published",
            "ContactType": null
        },
        {
            "Required": false,
            "Name": "Description",
            "DisplayName": "Description",
            "ContactType": null
        },
        {
            "Required": false,
            "Name": "Edition",
            "DisplayName": "Edition",
            "ContactType": null
        },
        {
            "Required": false,
            "Name": "Location",
            "DisplayName": "Place Published",
            "ContactType": null
        },
        {
            "Required": false,
            "Name": "MiscCode",
            "DisplayName": "Report Number/ID",
            "ContactType": null
        },
        {
            "Required": false,
            "Name": "Notes",
            "DisplayName": "Notes",
            "ContactType": null
        },
        {
            "Required": false,
            "Name": "Publisher",
            "DisplayName": "Publisher",
            "ContactType": null
        },
        {
            "Required": false,
            "Name": "Size1",
            "DisplayName": "Number of Pages",
            "ContactType": null
        },
        {
            "Required": false,
            "Name": "TableOfContents",
            "DisplayName": "Table of Contents",
            "ContactType": null
        },
        {
            "Required": true,
            "Name": "Title",
            "DisplayName": "Title",
            "ContactType": null
        },
        {
            "Required": false,
            "Name": "Contacts1",
            "DisplayName": "Author(s)",
            "ContactType": "Mixed"
        },
        {
            "Required": false,
            "Name": "Contacts2",
            "DisplayName": "Editor(s)",
            "ContactType": "Mixed"
        }
    ],
    "IsReadOnly": false,
    "Title": "Perspectives on human dimensions of wildlife habituation: Report from a workshop at the Human Dimensions of Fish and Wildlife Management Conference, Estes Park, CO, October 1, 2008",
    "DisableFilesLinksTab": false,
    "ParentFieldInfoInternal": [
        {
            "Required": false,
            "Name": "Publisher",
            "DisplayName": "Publisher",
            "ContactType": null
        },
        {
            "Required": true,
            "Name": "Title",
            "DisplayName": "Title",
            "ContactType": null
        }
    ],
    "CanHaveProducts": false,
    "ProductsCount": 0,
    "HasOriginationFlag": true,
    "DisplayCitation": "Hudenko HW and Decker DJ. 2013. Perspectives on human dimensions of wildlife habituation: Report from a workshop at the Human Dimensions of Fish and Wildlife Management Conference, Estes Park, CO, October 1, 2008. Natural Resource Report. NPS/BRMD/NRR—2013/627. National Park Service. Fort Collins, Colorado",
    "Lifecycle": "",
    "CanUserViewGrandparent": true,
    "CanUserViewParent": true
}