[
    {
        "Description": "2010 Annual Report for Kelp Forest Monitoring at Channel Islands National Park",
        "FileManagerId": 134467,
        "WebServiceType": null,
        "FileDescription": "MEDN_KelpForest_2010AnnualReport.pdf",
        "NeedsToBeQueued": false,
        "FileSize": 3488423,
        "LastVerified": "/Date(-62135571600000)/",
        "Id": 453107,
        "Url": "https://irma.nps.gov/DataStore/DownloadFile/453107",
        "HoldingType": 0,
        "ServiceTemplate": null,
        "DisableDownload": false,
        "MimeType": "application/pdf",
        "QueueForServices": false,
        "Accessibility": null,
        "DisplayOrder": 1
    }
]