{
    "NewestVersion": null,
    "Description": "In 2008 the Biological Resource Management Division of the National Park Service (NPS) launched a multi-faceted inquiry to inform management of human‐wildlife habituation across the National Park system. As part of the inquiry, a survey about human-wildlife habituation was conducted with NPS managers and staff. The goal of the survey was to inform a situation analysis and needs assessment about management of habituation in national parks.\nThe survey was designed to elicit broad and descriptive information about human-wildlife habituation. The instrument contained a series of open-ended questions on the following topics: extent and nature of habituation in parks; causes and effects of habituation; habituation-related management strategies, priorities, and needs; visitor attitudes and behaviors associated with habituation. The questionnaire was distributed via email to natural resource managers in parks throughout the United States for completion online.\n\n\nThe overarching theme of park managers’ responses was the interplay of visitor attitudes and behavior with NPS management actions that result in negative human-wildlife interactions. In particular, issues with food conditioning seem to be pervasive and distinguishing this from habituation in an applied context appears to be challenging. Managers described visitor attitudes that lead to problematic behaviors, and the lack of management response to prevent or address such behaviors, as the primary issues associated with the management of habituation. Findings suggest that park managers believe managing habituation in park areas is important and that increased support for research investigations is key to understanding habituation and to identifying successful human and wildlife management strategies.",
    "MasterId": null,
    "CanHaveProjectAndSiblings": true,
    "RelatedCaption": "Related Published Report Section",
    "TypeId": "PublishedReport",
    "CrossRefCount": 0,
    "Downloadability": "Public",
    "TypeName": "Published Report",
    "LinkedResourceCount": 1,
    "ReferenceId": 2193103,
    "Visibility": "Public",
    "OriginatingPrpCount": 0,
    "CanBeVersioned": true,
    "CanHaveChildren": true,
    "RefVersionsCount": 0,
    "RelatedCount": 0,
    "SelfFieldInfoInternal": [
        {
            "Required": false,
            "Name": "ContentBeginDate",
            "DisplayName": "Content Begin Date",
            "ContactType": null
        },
        {
            "Required": false,
            "Name": "ContentEndDate",
            "DisplayName": "Content End Date",
            "ContactType": null
        },
        {
            "Required": false,
            "Name": "DateOfIssue",
            "DisplayName": "Date Published",
            "ContactType": null
        },
        {
            "Required": false,
            "Name": "Description",
            "DisplayName": "Description",
            "ContactType": null
        },
        {
            "Required": false,
            "Name": "Edition",
            "DisplayName": "Edition",
            "ContactType": null
        },
        {
            "Required": false,
            "Name": "Location",
            "DisplayName": "Place Published",
            "ContactType": null
        },
        {
            "Required": false,
            "Name": "MiscCode",
            "DisplayName": "Report Number/ID",
            "ContactType": null
        },
        {
            "Required": false,
            "Name": "Notes",
            "DisplayName": "Notes",
            "ContactType": null
        },
        {
            "Required": false,
            "Name": "Publisher",
            "DisplayName": "Publisher",
            "ContactType": null
        },
        {
            "Required": false,
            "Name": "Size1",
            "DisplayName": "Number of Pages",
            "ContactType": null
        },
        {
            "Required": false,
            "Name": "TableOfContents",
            "DisplayName": "Table of Contents",
            "ContactType": null
        },
        {
            "Required": true,
            "Name": "Title",
            "DisplayName": "Title",
            "ContactType": null
        },
        {
            "Required": false,
            "Name": "Contacts1",
            "DisplayName": "Author(s)",
            "ContactType": "Mixed"
        },
        {
            "Required": false,
            "Name": "Contacts2",
            "DisplayName": "Editor(s)",
            "ContactType": "Mixed"
        }
    ],
    "IsReadOnly": false,
    "Title": "Managers’ perspectives on the human dimensions of human-wildlife habituation in National Parks: Report from a survey of National Park Service Managers",
    "DisableFilesLinksTab": false,
    "ParentFieldInfoInternal": [
        {
            "Required": false,
            "Name": "Publisher",
            "DisplayName": "Publisher",
            "ContactType": null
        },
        {
            "Required": true,
            "Name": "Title",
            "DisplayName": "Title",
            "ContactType": null
        }
    ],
    "CanHaveProducts": false,
    "ProductsCount": 0,
    "HasOriginationFlag": true,
    "DisplayCitation": "Hudenko HW and Connery B. 2013. Managers’ perspectives on the human dimensions of human-wildlife habituation in National Parks: Report from a survey of National Park Service Managers. Natural Resource Report. NPS/BRMD/NRR—2013/629. National Park Service. Fort Collins, Colorado",
    "Lifecycle": "",
    "CanUserViewGrandparent": true,
    "CanUserViewParent": true
}