[
    {
        "Description": "Final report",
        "FileManagerId": 120255,
        "WebServiceType": null,
        "FileDescription": "NRR_manager_survey_final_nrss.pdf",
        "NeedsToBeQueued": false,
        "FileSize": 605481,
        "LastVerified": "/Date(-62135571600000)/",
        "Id": 463991,
        "Url": "https://irma.nps.gov/DataStore/DownloadFile/463991",
        "HoldingType": 0,
        "ServiceTemplate": null,
        "DisableDownload": false,
        "MimeType": "application/pdf",
        "QueueForServices": false,
        "Accessibility": null,
        "DisplayOrder": 1
    }
]