[
    {
        "Description": null,
        "FileManagerId": 71230,
        "WebServiceType": null,
        "FileDescription": "SPAR-2013-MGM2.pdf",
        "NeedsToBeQueued": false,
        "FileSize": 337904,
        "LastVerified": "/Date(-62135571600000)/",
        "Id": 496269,
        "Url": "https://irma.nps.gov/DataStore/DownloadFile/496269",
        "HoldingType": 0,
        "ServiceTemplate": null,
        "DisableDownload": false,
        "MimeType": "application/pdf",
        "QueueForServices": false,
        "Accessibility": null,
        "DisplayOrder": 1
    }
]