[
    {
        "Description": "",
        "FileManagerId": 71144,
        "WebServiceType": null,
        "FileDescription": "MORA_final_report_11-21-13_nrss.pdf",
        "NeedsToBeQueued": false,
        "FileSize": 5773450,
        "LastVerified": "/Date(-62135571600000)/",
        "Id": 485248,
        "Url": "https://irma.nps.gov/DataStore/DownloadFile/485248",
        "HoldingType": 0,
        "ServiceTemplate": null,
        "DisableDownload": false,
        "MimeType": "application/pdf",
        "QueueForServices": false,
        "Accessibility": null,
        "DisplayOrder": 1
    }
]