[
    {
        "Description": null,
        "FileManagerId": 73739,
        "WebServiceType": null,
        "FileDescription": "NPS_VSE_2013_final_NRSS.pdf",
        "NeedsToBeQueued": false,
        "FileSize": 1984082,
        "LastVerified": "/Date(-62135571600000)/",
        "Id": 497276,
        "Url": "https://irma.nps.gov/DataStore/DownloadFile/497276",
        "HoldingType": 0,
        "ServiceTemplate": null,
        "DisableDownload": false,
        "MimeType": "application/pdf",
        "QueueForServices": false,
        "Accessibility": null,
        "DisplayOrder": 1
    }
]