[
    {
        "Description": "Benthic Mapping Guidance Document",
        "FileManagerId": 85309,
        "WebServiceType": null,
        "FileDescription": "NPS_BenthicMappingGuidanceDocument_2013.pdf",
        "NeedsToBeQueued": false,
        "FileSize": 4298330,
        "LastVerified": "/Date(-62135571600000)/",
        "Id": 481751,
        "Url": "https://irma.nps.gov/DataStore/DownloadFile/481751",
        "HoldingType": 0,
        "ServiceTemplate": null,
        "DisableDownload": false,
        "MimeType": "application/pdf",
        "QueueForServices": false,
        "Accessibility": null,
        "DisplayOrder": 1
    }
]