[
    {
        "Description": null,
        "FileManagerId": 129365,
        "WebServiceType": null,
        "FileDescription": "CSAP2_PWR_report_after_reviews_nrss.pdf",
        "NeedsToBeQueued": false,
        "FileSize": 922642,
        "LastVerified": "/Date(-62135571600000)/",
        "Id": 475475,
        "Url": "https://irma.nps.gov/DataStore/DownloadFile/475475",
        "HoldingType": 0,
        "ServiceTemplate": null,
        "DisableDownload": false,
        "MimeType": "application/pdf",
        "QueueForServices": false,
        "Accessibility": null,
        "DisplayOrder": 1
    }
]