[
    {
        "Description": null,
        "FileManagerId": 98893,
        "WebServiceType": null,
        "FileDescription": "244.4_CONG_Winter_Report_Final_nrss.pdf",
        "NeedsToBeQueued": false,
        "FileSize": 6068637,
        "LastVerified": "/Date(-62135571600000)/",
        "Id": 461689,
        "Url": "https://irma.nps.gov/DataStore/DownloadFile/461689",
        "HoldingType": 0,
        "ServiceTemplate": null,
        "DisableDownload": false,
        "MimeType": "application/pdf",
        "QueueForServices": false,
        "Accessibility": null,
        "DisplayOrder": 1
    }
]