[
    {
        "Description": null,
        "FileManagerId": 117385,
        "WebServiceType": null,
        "FileDescription": "SAMA_final_report_nrss.pdf",
        "NeedsToBeQueued": false,
        "FileSize": 4867429,
        "LastVerified": "/Date(-62135571600000)/",
        "Id": 491529,
        "Url": "https://irma.nps.gov/DataStore/DownloadFile/491529",
        "HoldingType": 0,
        "ServiceTemplate": null,
        "DisableDownload": false,
        "MimeType": "application/pdf",
        "QueueForServices": false,
        "Accessibility": null,
        "DisplayOrder": 1
    }
]