{
    "NewestVersion": null,
    "Description": "Aspen stand condition and health assessment to inform managers about status of park aspen stands and make recommendations for restoration.\n\nQuaking aspen (Populus tremuloides) is the most widely distributed tree species in North America and is regarded as a keystone species because it supports a high diversity of flora and fauna. Aspen are declining throughout the West, including within Great Basin National Park, where aspen stands have already experienced significant declines. To better understand the status of park aspen stands, the park partnered with The Nature Conservancy to perform Landscape Conservation ForecastingTM to determine current vegetation condition and develop management strategies for restoration.\n\n Aspen systems represent the largest vegetation type in Great Basin National Park (19,997 acres or 27.3% of park lands) and are represented by three biophysical settings: stable aspen woodland, seral aspen, and seral subalpine aspen. The ecological condition of park aspen varies: stable aspen stands are 27% departed from their natural range of variation, seral aspen are 66% departed, and seral subalpine aspen stands are 60% departed. The current condition of aspen is a direct result of fire exclusion and has resulted in an overabundance of late succession classes; poor aspen regeneration and recruitment; and a loss of aspen clones on 1,229 acres.",
    "MasterId": null,
    "CanHaveProjectAndSiblings": true,
    "RelatedCaption": "Related Published Report Section",
    "TypeId": "PublishedReport",
    "CrossRefCount": 0,
    "Downloadability": "Public",
    "TypeName": "Published Report",
    "LinkedResourceCount": 1,
    "ReferenceId": 2208563,
    "Visibility": "Public",
    "OriginatingPrpCount": 0,
    "CanBeVersioned": true,
    "CanHaveChildren": true,
    "RefVersionsCount": 0,
    "RelatedCount": 0,
    "SelfFieldInfoInternal": [
        {
            "Required": false,
            "Name": "ContentBeginDate",
            "DisplayName": "Content Begin Date",
            "ContactType": null
        },
        {
            "Required": false,
            "Name": "ContentEndDate",
            "DisplayName": "Content End Date",
            "ContactType": null
        },
        {
            "Required": false,
            "Name": "DateOfIssue",
            "DisplayName": "Date Published",
            "ContactType": null
        },
        {
            "Required": false,
            "Name": "Description",
            "DisplayName": "Description",
            "ContactType": null
        },
        {
            "Required": false,
            "Name": "Edition",
            "DisplayName": "Edition",
            "ContactType": null
        },
        {
            "Required": false,
            "Name": "Location",
            "DisplayName": "Place Published",
            "ContactType": null
        },
        {
            "Required": false,
            "Name": "MiscCode",
            "DisplayName": "Report Number/ID",
            "ContactType": null
        },
        {
            "Required": false,
            "Name": "Notes",
            "DisplayName": "Notes",
            "ContactType": null
        },
        {
            "Required": false,
            "Name": "Publisher",
            "DisplayName": "Publisher",
            "ContactType": null
        },
        {
            "Required": false,
            "Name": "Size1",
            "DisplayName": "Number of Pages",
            "ContactType": null
        },
        {
            "Required": false,
            "Name": "TableOfContents",
            "DisplayName": "Table of Contents",
            "ContactType": null
        },
        {
            "Required": true,
            "Name": "Title",
            "DisplayName": "Title",
            "ContactType": null
        },
        {
            "Required": false,
            "Name": "Contacts1",
            "DisplayName": "Author(s)",
            "ContactType": "Mixed"
        },
        {
            "Required": false,
            "Name": "Contacts2",
            "DisplayName": "Editor(s)",
            "ContactType": "Mixed"
        }
    ],
    "IsReadOnly": false,
    "Title": "Horner, M. A., B. T. Hamilton, and L. Provencher. 2014. Great Basin National Park aspen stand condition and health assessment. Natural Resource Report NPS/GRBA/NRR—2014/782. National Park Service, Fort Collins, Colorado.",
    "DisableFilesLinksTab": false,
    "ParentFieldInfoInternal": [
        {
            "Required": false,
            "Name": "Publisher",
            "DisplayName": "Publisher",
            "ContactType": null
        },
        {
            "Required": true,
            "Name": "Title",
            "DisplayName": "Title",
            "ContactType": null
        }
    ],
    "CanHaveProducts": false,
    "ProductsCount": 0,
    "HasOriginationFlag": true,
    "DisplayCitation": "Horner MA and Others. 2014. Horner, M. A., B. T. Hamilton, and L. Provencher. 2014. Great Basin National Park aspen stand condition and health assessment. Natural Resource Report NPS/GRBA/NRR—2014/782. National Park Service, Fort Collins, Colorado.. Natural Resource Report. NPS/GRBA/NRR—2014/782. Fort Collins, Colorado",
    "Lifecycle": "",
    "CanUserViewGrandparent": true,
    "CanUserViewParent": true
}