[
    {
        "Description": null,
        "FileManagerId": 109907,
        "WebServiceType": null,
        "FileDescription": "GRBA_AspenCondition_and_HealthAssessment_20140313.pdf",
        "NeedsToBeQueued": false,
        "FileSize": 11199918,
        "LastVerified": "/Date(-62135571600000)/",
        "Id": 491573,
        "Url": "https://irma.nps.gov/DataStore/DownloadFile/491573",
        "HoldingType": 0,
        "ServiceTemplate": null,
        "DisableDownload": false,
        "MimeType": "application/pdf",
        "QueueForServices": false,
        "Accessibility": null,
        "DisplayOrder": 1
    }
]