[
    {
        "Description": "Resource Brief - companion document to the full report",
        "FileManagerId": 73758,
        "WebServiceType": null,
        "FileDescription": "KEMO_LanduseChange_ResourceBrief.pdf",
        "NeedsToBeQueued": false,
        "FileSize": 223537,
        "LastVerified": "/Date(-62135571600000)/",
        "Id": 442423,
        "Url": "https://irma.nps.gov/DataStore/DownloadFile/442423",
        "HoldingType": 0,
        "ServiceTemplate": null,
        "DisableDownload": false,
        "MimeType": "application/pdf",
        "QueueForServices": false,
        "Accessibility": null,
        "DisplayOrder": 1
    },
    {
        "Description": "Full Report",
        "FileManagerId": 91913,
        "WebServiceType": null,
        "FileDescription": "Blankley_2011_LandUseChangeAtKEMO.pdf",
        "NeedsToBeQueued": false,
        "FileSize": 1338850,
        "LastVerified": "/Date(-62135571600000)/",
        "Id": 442424,
        "Url": "https://irma.nps.gov/DataStore/DownloadFile/442424",
        "HoldingType": 0,
        "ServiceTemplate": null,
        "DisableDownload": false,
        "MimeType": "application/pdf",
        "QueueForServices": false,
        "Accessibility": null,
        "DisplayOrder": 2
    }
]