[
    {
        "Description": "Appendix 12 - Intact Forests",
        "FileManagerId": 143014,
        "WebServiceType": null,
        "FileDescription": "A12_Intact_Forest_nrss.pdf",
        "NeedsToBeQueued": false,
        "FileSize": 3573410,
        "LastVerified": "/Date(-62135571600000)/",
        "Id": 474528,
        "Url": "https://irma.nps.gov/DataStore/DownloadFile/474528",
        "HoldingType": 0,
        "ServiceTemplate": null,
        "DisableDownload": false,
        "MimeType": "application/pdf",
        "QueueForServices": false,
        "Accessibility": null,
        "DisplayOrder": 1
    }
]