[
    {
        "Description": null,
        "FileManagerId": 109294,
        "WebServiceType": null,
        "FileDescription": "248_DENA_rept_nrss.pdf",
        "NeedsToBeQueued": false,
        "FileSize": 4424576,
        "LastVerified": "/Date(-62135571600000)/",
        "Id": 449181,
        "Url": "https://irma.nps.gov/DataStore/DownloadFile/449181",
        "HoldingType": 0,
        "ServiceTemplate": null,
        "DisableDownload": false,
        "MimeType": "application/pdf",
        "QueueForServices": false,
        "Accessibility": null,
        "DisplayOrder": 1
    }
]