[
    {
        "Description": "Resource Brief",
        "FileManagerId": 105765,
        "WebServiceType": null,
        "FileDescription": "FOPU_VegMapping_ResourceBrief.pdf",
        "NeedsToBeQueued": false,
        "FileSize": 223753,
        "LastVerified": "/Date(-62135571600000)/",
        "Id": 483726,
        "Url": "https://irma.nps.gov/DataStore/DownloadFile/483726",
        "HoldingType": 0,
        "ServiceTemplate": null,
        "DisableDownload": false,
        "MimeType": "application/pdf",
        "QueueForServices": false,
        "Accessibility": null,
        "DisplayOrder": 1
    },
    {
        "Description": "Full Veg Mapping Final Report",
        "FileManagerId": 94184,
        "WebServiceType": null,
        "FileDescription": "McManamay_2013_FOPU_Veg_Map_Final_Report.pdf",
        "NeedsToBeQueued": false,
        "FileSize": 5989004,
        "LastVerified": "/Date(-62135571600000)/",
        "Id": 483727,
        "Url": "https://irma.nps.gov/DataStore/DownloadFile/483727",
        "HoldingType": 0,
        "ServiceTemplate": null,
        "DisableDownload": false,
        "MimeType": "application/pdf",
        "QueueForServices": false,
        "Accessibility": null,
        "DisplayOrder": 2
    }
]