[
    {
        "Description": null,
        "FileManagerId": 111666,
        "WebServiceType": null,
        "FileDescription": "RTC_FY2010_NRPM.pdf",
        "NeedsToBeQueued": false,
        "FileSize": 5872041,
        "LastVerified": "/Date(-62135571600000)/",
        "Id": 436996,
        "Url": "https://irma.nps.gov/DataStore/DownloadFile/436996",
        "HoldingType": 0,
        "ServiceTemplate": null,
        "DisableDownload": false,
        "MimeType": "application/pdf",
        "QueueForServices": false,
        "Accessibility": null,
        "DisplayOrder": 1
    }
]