[
    {
        "Description": "Report on the status of designated and eligible wilderness lands managed by the National Park Service in Alaska",
        "FileManagerId": 94510,
        "WebServiceType": null,
        "FileDescription": "2012_Alaska_Region_Wilderness_Annual_Report_Final.pdf",
        "NeedsToBeQueued": false,
        "FileSize": 4577013,
        "LastVerified": "/Date(-62135571600000)/",
        "Id": 469607,
        "Url": "https://irma.nps.gov/DataStore/DownloadFile/469607",
        "HoldingType": 0,
        "ServiceTemplate": null,
        "DisableDownload": false,
        "MimeType": "application/pdf",
        "QueueForServices": false,
        "Accessibility": null,
        "DisplayOrder": 1
    }
]