[
    {
        "Description": null,
        "FileManagerId": 73802,
        "WebServiceType": null,
        "FileDescription": "RTC_FY11_NRPM_final.pdf",
        "NeedsToBeQueued": false,
        "FileSize": 5608558,
        "LastVerified": "/Date(-62135571600000)/",
        "Id": 453917,
        "Url": "https://irma.nps.gov/DataStore/DownloadFile/453917",
        "HoldingType": 0,
        "ServiceTemplate": null,
        "DisableDownload": false,
        "MimeType": "application/pdf",
        "QueueForServices": false,
        "Accessibility": null,
        "DisplayOrder": 1
    }
]