[
    {
        "Description": null,
        "FileManagerId": 101647,
        "WebServiceType": null,
        "FileDescription": "CONG_FG_final_rept_nrss.pdf",
        "NeedsToBeQueued": false,
        "FileSize": 435870,
        "LastVerified": "/Date(-62135571600000)/",
        "Id": 461470,
        "Url": "https://irma.nps.gov/DataStore/DownloadFile/461470",
        "HoldingType": 0,
        "ServiceTemplate": null,
        "DisableDownload": false,
        "MimeType": "application/pdf",
        "QueueForServices": false,
        "Accessibility": null,
        "DisplayOrder": 1
    }
]