[
    {
        "Description": null,
        "FileManagerId": 101187,
        "WebServiceType": null,
        "FileDescription": "CACH_MGM2_final_nrss.pdf",
        "NeedsToBeQueued": false,
        "FileSize": 296236,
        "LastVerified": "/Date(-62135571600000)/",
        "Id": 488494,
        "Url": "https://irma.nps.gov/DataStore/DownloadFile/488494",
        "HoldingType": 0,
        "ServiceTemplate": null,
        "DisableDownload": false,
        "MimeType": "application/pdf",
        "QueueForServices": false,
        "Accessibility": null,
        "DisplayOrder": 1
    }
]