[
    {
        "Description": null,
        "FileManagerId": 135353,
        "WebServiceType": null,
        "FileDescription": "DeanT_2011_SWAN_NearshoreMarineProtocolNarrative_20110202_nrss.pdf",
        "NeedsToBeQueued": false,
        "FileSize": 1080506,
        "LastVerified": "/Date(-62135571600000)/",
        "Id": 435688,
        "Url": "https://irma.nps.gov/DataStore/DownloadFile/435688",
        "HoldingType": 0,
        "ServiceTemplate": null,
        "DisableDownload": false,
        "MimeType": "application/pdf",
        "QueueForServices": false,
        "Accessibility": null,
        "DisplayOrder": 1
    }
]