[
    {
        "Description": null,
        "FileManagerId": 120459,
        "WebServiceType": null,
        "FileDescription": "JEFF_Final_Report_nrss1.pdf",
        "NeedsToBeQueued": false,
        "FileSize": 9549199,
        "LastVerified": "/Date(-62135571600000)/",
        "Id": 469896,
        "Url": "https://irma.nps.gov/DataStore/DownloadFile/469896",
        "HoldingType": 0,
        "ServiceTemplate": null,
        "DisableDownload": false,
        "MimeType": "application/pdf",
        "QueueForServices": false,
        "Accessibility": null,
        "DisplayOrder": 1
    }
]