[
    {
        "Description": null,
        "FileManagerId": 109019,
        "WebServiceType": null,
        "FileDescription": "NRTR_v3.3_LIBO_2012_Final.pdf",
        "NeedsToBeQueued": false,
        "FileSize": 4310567,
        "LastVerified": "/Date(-62135571600000)/",
        "Id": 455221,
        "Url": "https://irma.nps.gov/DataStore/DownloadFile/455221",
        "HoldingType": 0,
        "ServiceTemplate": null,
        "DisableDownload": false,
        "MimeType": "application/pdf",
        "QueueForServices": false,
        "Accessibility": null,
        "DisplayOrder": 1
    }
]