[
    {
        "Description": null,
        "FileManagerId": 77925,
        "WebServiceType": null,
        "FileDescription": "WICRrpt_nrss.pdf",
        "NeedsToBeQueued": false,
        "FileSize": 17475702,
        "LastVerified": "/Date(-62135571600000)/",
        "Id": 467699,
        "Url": "https://irma.nps.gov/DataStore/DownloadFile/467699",
        "HoldingType": 0,
        "ServiceTemplate": null,
        "DisableDownload": false,
        "MimeType": "application/pdf",
        "QueueForServices": false,
        "Accessibility": null,
        "DisplayOrder": 1
    },
    {
        "Description": "Geodatabase",
        "FileManagerId": 143226,
        "WebServiceType": null,
        "FileDescription": "WICR.zip",
        "NeedsToBeQueued": false,
        "FileSize": 3380568,
        "LastVerified": "/Date(-62135571600000)/",
        "Id": 524412,
        "Url": "https://irma.nps.gov/DataStore/DownloadFile/524412",
        "HoldingType": 0,
        "ServiceTemplate": null,
        "DisableDownload": false,
        "MimeType": "application/zip",
        "QueueForServices": false,
        "Accessibility": null,
        "DisplayOrder": 2
    }
]