{
    "NewestVersion": null,
    "Description": "Wilson’s Creek National Battlefield (WICR) is situated about\nfive miles southwest of Springfield, Missouri, and preserves the site of the\nCivil War engagement called the Battle of Wilsons’s Creek.  The landscape is part of the James River Oak\nSavanna/Woodland land type association within the Springfield Plain Subsection\nof the Ozark Highlands ecoregion (Nigh and Schroeder 2002).  Much of the area was used as cropland in the\npast, and the remainder was used for grazing or forest products or both, so\ncurrent vegetation represents plant communities in different stages of recovery\nfrom disturbance. \n\nA vegetation classification and mapping project was\ninitiated in 2010 and completed in 2012. \nProtocols and products were produced following National Park Service\nVegetation Mapping Program guidelines. \nClassification was based on 50 quantitative field plots, which were\nplaced across WICR in a stratified random manner based on qualitative field\nobservation points, consideration of biophysical setting, and viewing of air\nphotos.  Mapping was based on a\ncombination of image object generation and heads-up digitization of air photos\non-screen.  Accuracy assessment points\nobtained during 2012 verified that the map is 81.3% accurate across all classes.\n\n\nMost of WICR, including 1,836 acres (743 hectares), or 93%,\nis semi-natural, whereas 7% is developed or in croplands designed to enhance\ninterpretation of the battlefield during the engagement.  Grasslands, including periodically mowed or\nburned open areas, cover roughly half of WICR. \nSuccessional woodlands and forests cover the other half.  Small glades, though they cover <1% of the\narea, represent significant natural communities, and support populations of the\nrare Missouri bladderpod (Lesquerella\nfiliformis; Annis et al. 2011). \n\nOpen areas at WICR are variable across years due to\nperiodic mowing or burning.  After mowing\nor prescribed fire, areas show a grassland aspect for one season, and\nthereafter appear increasingly shrub-dominated as perennial shrubs overtop\ngrasses.  Open areas also vary across\nshort spatial scales, which reflects past restoration activities and natural\nvariation after recovery from rowcrop agriculture and grazing.",
    "MasterId": null,
    "CanHaveProjectAndSiblings": true,
    "RelatedCaption": "Related Published Report Section",
    "TypeId": "PublishedReport",
    "CrossRefCount": 0,
    "Downloadability": "Public",
    "TypeName": "Published Report",
    "LinkedResourceCount": 2,
    "ReferenceId": 2194315,
    "Visibility": "Public",
    "OriginatingPrpCount": 0,
    "CanBeVersioned": true,
    "CanHaveChildren": true,
    "RefVersionsCount": 0,
    "RelatedCount": 0,
    "SelfFieldInfoInternal": [
        {
            "Required": false,
            "Name": "ContentBeginDate",
            "DisplayName": "Content Begin Date",
            "ContactType": null
        },
        {
            "Required": false,
            "Name": "ContentEndDate",
            "DisplayName": "Content End Date",
            "ContactType": null
        },
        {
            "Required": false,
            "Name": "DateOfIssue",
            "DisplayName": "Date Published",
            "ContactType": null
        },
        {
            "Required": false,
            "Name": "Description",
            "DisplayName": "Description",
            "ContactType": null
        },
        {
            "Required": false,
            "Name": "Edition",
            "DisplayName": "Edition",
            "ContactType": null
        },
        {
            "Required": false,
            "Name": "Location",
            "DisplayName": "Place Published",
            "ContactType": null
        },
        {
            "Required": false,
            "Name": "MiscCode",
            "DisplayName": "Report Number/ID",
            "ContactType": null
        },
        {
            "Required": false,
            "Name": "Notes",
            "DisplayName": "Notes",
            "ContactType": null
        },
        {
            "Required": false,
            "Name": "Publisher",
            "DisplayName": "Publisher",
            "ContactType": null
        },
        {
            "Required": false,
            "Name": "Size1",
            "DisplayName": "Number of Pages",
            "ContactType": null
        },
        {
            "Required": false,
            "Name": "TableOfContents",
            "DisplayName": "Table of Contents",
            "ContactType": null
        },
        {
            "Required": true,
            "Name": "Title",
            "DisplayName": "Title",
            "ContactType": null
        },
        {
            "Required": false,
            "Name": "Contacts1",
            "DisplayName": "Author(s)",
            "ContactType": "Mixed"
        },
        {
            "Required": false,
            "Name": "Contacts2",
            "DisplayName": "Editor(s)",
            "ContactType": "Mixed"
        }
    ],
    "IsReadOnly": false,
    "Title": "Vegetation mapping and classification of Wilson’s Creek National Battlefield",
    "DisableFilesLinksTab": false,
    "ParentFieldInfoInternal": [
        {
            "Required": false,
            "Name": "Publisher",
            "DisplayName": "Publisher",
            "ContactType": null
        },
        {
            "Required": true,
            "Name": "Title",
            "DisplayName": "Title",
            "ContactType": null
        }
    ],
    "CanHaveProducts": false,
    "ProductsCount": 0,
    "HasOriginationFlag": true,
    "DisplayCitation": "Diamond DD and Others. 2013. Vegetation mapping and classification of Wilson’s Creek National Battlefield. Natural Resource Report. NPS/WICR/NRR—2013/650. National Park Service. Fort Collins, Colorado",
    "Lifecycle": "",
    "CanUserViewGrandparent": true,
    "CanUserViewParent": true
}