{
    "NewestVersion": null,
    "Description": "The University of Georgia Marine Extension Service (MAREX) conducted surveys in collaboration with the National Park Service at seven Southeast Coast Network parks over a four-year period beginning in 2007. MAREX performed water column profiles and collected water and sediment samples from 30 randomly selected stations within each park. Methods followed those developed by the U.S. Environmental Protection Agency as a part of the National Coastal Assessment Program and include laboratory analysis for chlorophyll a, total dissolved nitrogen and phosphorous concentrations and field measurements of water temperature, pH, dissolved oxygen, and salinity. Estimates of water clarity are made using secchi depth measurements and adjusted for naturally occurring water-clarity conditions. These methods are part of the Network’s Vital Signs Monitoring program and are part of an ongoing long-term water-quality monitoring program.",
    "MasterId": null,
    "CanHaveProjectAndSiblings": true,
    "RelatedCaption": "Related Published Report Section",
    "TypeId": "PublishedReport",
    "CrossRefCount": 0,
    "Downloadability": "Public",
    "TypeName": "Published Report",
    "LinkedResourceCount": 1,
    "ReferenceId": 2174314,
    "Visibility": "Public",
    "OriginatingPrpCount": 0,
    "CanBeVersioned": true,
    "CanHaveChildren": true,
    "RefVersionsCount": 0,
    "RelatedCount": 0,
    "SelfFieldInfoInternal": [
        {
            "Required": false,
            "Name": "ContentBeginDate",
            "DisplayName": "Content Begin Date",
            "ContactType": null
        },
        {
            "Required": false,
            "Name": "ContentEndDate",
            "DisplayName": "Content End Date",
            "ContactType": null
        },
        {
            "Required": false,
            "Name": "DateOfIssue",
            "DisplayName": "Date Published",
            "ContactType": null
        },
        {
            "Required": false,
            "Name": "Description",
            "DisplayName": "Description",
            "ContactType": null
        },
        {
            "Required": false,
            "Name": "Edition",
            "DisplayName": "Edition",
            "ContactType": null
        },
        {
            "Required": false,
            "Name": "Location",
            "DisplayName": "Place Published",
            "ContactType": null
        },
        {
            "Required": false,
            "Name": "MiscCode",
            "DisplayName": "Report Number/ID",
            "ContactType": null
        },
        {
            "Required": false,
            "Name": "Notes",
            "DisplayName": "Notes",
            "ContactType": null
        },
        {
            "Required": false,
            "Name": "Publisher",
            "DisplayName": "Publisher",
            "ContactType": null
        },
        {
            "Required": false,
            "Name": "Size1",
            "DisplayName": "Number of Pages",
            "ContactType": null
        },
        {
            "Required": false,
            "Name": "TableOfContents",
            "DisplayName": "Table of Contents",
            "ContactType": null
        },
        {
            "Required": true,
            "Name": "Title",
            "DisplayName": "Title",
            "ContactType": null
        },
        {
            "Required": false,
            "Name": "Contacts1",
            "DisplayName": "Author(s)",
            "ContactType": "Mixed"
        },
        {
            "Required": false,
            "Name": "Contacts2",
            "DisplayName": "Editor(s)",
            "ContactType": "Mixed"
        }
    ],
    "IsReadOnly": false,
    "Title": "Assessing coastal sediment and waters in Southeast Coast Network parks: Final project report. Natural Resource Report",
    "DisableFilesLinksTab": false,
    "ParentFieldInfoInternal": [
        {
            "Required": false,
            "Name": "Publisher",
            "DisplayName": "Publisher",
            "ContactType": null
        },
        {
            "Required": true,
            "Name": "Title",
            "DisplayName": "Title",
            "ContactType": null
        }
    ],
    "CanHaveProducts": false,
    "ProductsCount": 0,
    "HasOriginationFlag": true,
    "DisplayCitation": "Smith KA. 2011. Assessing coastal sediment and waters in Southeast Coast Network parks: Final project report. Natural Resource Report. Natural Resource Report. NPS/SECN/NRR—2011/433. National Park Service, Natural Resource Stewardship and Science. Fort Collins, Colorado",
    "Lifecycle": "",
    "CanUserViewGrandparent": true,
    "CanUserViewParent": true
}