[
    {
        "Description": null,
        "FileManagerId": 93229,
        "WebServiceType": null,
        "FileDescription": "Austin__2011_SECN_Coastal_Sediment_and_Water_Quality_Assessment_Report.pdf",
        "NeedsToBeQueued": false,
        "FileSize": 2430978,
        "LastVerified": "/Date(-62135571600000)/",
        "Id": 432622,
        "Url": "https://irma.nps.gov/DataStore/DownloadFile/432622",
        "HoldingType": 0,
        "ServiceTemplate": null,
        "DisableDownload": false,
        "MimeType": "application/pdf",
        "QueueForServices": false,
        "Accessibility": null,
        "DisplayOrder": 1
    }
]