[
    {
        "Description": "Fort Scott NHS economic report",
        "FileManagerId": 87692,
        "WebServiceType": null,
        "FileDescription": "FOSC-2011-MGM2-final_nrss.pdf",
        "NeedsToBeQueued": false,
        "FileSize": 428430,
        "LastVerified": "/Date(-62135571600000)/",
        "Id": 461462,
        "Url": "https://irma.nps.gov/DataStore/DownloadFile/461462",
        "HoldingType": 0,
        "ServiceTemplate": null,
        "DisableDownload": false,
        "MimeType": "application/pdf",
        "QueueForServices": false,
        "Accessibility": null,
        "DisplayOrder": 1
    }
]