[
    {
        "Description": null,
        "FileManagerId": 101431,
        "WebServiceType": null,
        "FileDescription": "SEKI_Report_final_nrss.pdf",
        "NeedsToBeQueued": false,
        "FileSize": 10425545,
        "LastVerified": "/Date(-62135571600000)/",
        "Id": 488431,
        "Url": "https://irma.nps.gov/DataStore/DownloadFile/488431",
        "HoldingType": 0,
        "ServiceTemplate": null,
        "DisableDownload": false,
        "MimeType": "application/pdf",
        "QueueForServices": false,
        "Accessibility": null,
        "DisplayOrder": 1
    }
]