[
    {
        "Description": "Appendix 11a - Giant Sequoias",
        "FileManagerId": 142825,
        "WebServiceType": null,
        "FileDescription": "A11_Giant_Sequoia_nrss.pdf",
        "NeedsToBeQueued": false,
        "FileSize": 4093198,
        "LastVerified": "/Date(-62135571600000)/",
        "Id": 474516,
        "Url": "https://irma.nps.gov/DataStore/DownloadFile/474516",
        "HoldingType": 0,
        "ServiceTemplate": null,
        "DisableDownload": false,
        "MimeType": "application/pdf",
        "QueueForServices": false,
        "Accessibility": null,
        "DisplayOrder": 1
    }
]