[
    {
        "Description": null,
        "FileManagerId": 70316,
        "WebServiceType": null,
        "FileDescription": "APPA_Forest_Monitoring_Protocol_FINAL.pdf",
        "NeedsToBeQueued": false,
        "FileSize": 3438158,
        "LastVerified": "/Date(-62135571600000)/",
        "Id": 464955,
        "Url": "https://irma.nps.gov/DataStore/DownloadFile/464955",
        "HoldingType": 0,
        "ServiceTemplate": null,
        "DisableDownload": false,
        "MimeType": "application/pdf",
        "QueueForServices": false,
        "Accessibility": null,
        "DisplayOrder": 1
    }
]