[
    {
        "Description": "Final Report of the DOI Bison Leadership Team and Working Group",
        "FileManagerId": 84148,
        "WebServiceType": null,
        "FileDescription": "DOIBisonReport_LookingForward_NPS_NRR_2014-821.pdf",
        "NeedsToBeQueued": false,
        "FileSize": 16283265,
        "LastVerified": "/Date(-62135571600000)/",
        "Id": 495394,
        "Url": "https://irma.nps.gov/DataStore/DownloadFile/495394",
        "HoldingType": 0,
        "ServiceTemplate": null,
        "DisableDownload": false,
        "MimeType": "application/pdf",
        "QueueForServices": false,
        "Accessibility": null,
        "DisplayOrder": 1
    }
]