[
    {
        "Description": null,
        "FileManagerId": 104526,
        "WebServiceType": null,
        "FileDescription": "CHIC_report_final_nrss.pdf",
        "NeedsToBeQueued": false,
        "FileSize": 3230306,
        "LastVerified": "/Date(-62135571600000)/",
        "Id": 471089,
        "Url": "https://irma.nps.gov/DataStore/DownloadFile/471089",
        "HoldingType": 0,
        "ServiceTemplate": null,
        "DisableDownload": false,
        "MimeType": "application/pdf",
        "QueueForServices": false,
        "Accessibility": null,
        "DisplayOrder": 1
    }
]