[
    {
        "Description": null,
        "FileManagerId": 104494,
        "WebServiceType": null,
        "FileDescription": "GWCArpt_nrss.pdf",
        "NeedsToBeQueued": false,
        "FileSize": 9158224,
        "LastVerified": "/Date(-62135571600000)/",
        "Id": 467700,
        "Url": "https://irma.nps.gov/DataStore/DownloadFile/467700",
        "HoldingType": 0,
        "ServiceTemplate": null,
        "DisableDownload": false,
        "MimeType": "application/pdf",
        "QueueForServices": false,
        "Accessibility": null,
        "DisplayOrder": 1
    },
    {
        "Description": "GWCA Vegetation Map",
        "FileManagerId": 113835,
        "WebServiceType": null,
        "FileDescription": "gwcaveg.pdf",
        "NeedsToBeQueued": false,
        "FileSize": 297024,
        "LastVerified": "/Date(-62135571600000)/",
        "Id": 524415,
        "Url": "https://irma.nps.gov/DataStore/DownloadFile/524415",
        "HoldingType": 0,
        "ServiceTemplate": null,
        "DisableDownload": false,
        "MimeType": "application/pdf",
        "QueueForServices": false,
        "Accessibility": null,
        "DisplayOrder": 2
    }
]