{
    "NewestVersion": null,
    "Description": "George Washington Carver National Monument (GWCA) is situated on the original Moses Carver homestead, where George Washington Carver spent about ten years of his early life. Although the plant communities were almost certainly highly disturbed during that time, Carver was positively influenced by the beauty and variety of his natural surroundings. \n\nA vegetation classification and mapping project was initiated in 2010 and completed in 2012. Protocols and products were produced following National Park Service Vegetation Mapping Program guidelines. Classification was based on sixteen quantitative field plots, which were placed across GWCA in a stratified random manner based on qualitative field observation points and viewing of air photos. Mapping was based on photo-interpretation of both leaf-on and leaf-off air photos. Accuracy assessment points obtained during 2012 verified that the map is nearly 100% accurate. \n\nRestored tallgrass prairie covers 134 acres (54.1 ha), or 57% of the park. An additional 54 acres (21.7 ha), or 23% of GWCA, is in ruderal woodland and forest. This type includes a central area that shades an interpretive trail along Carver Creek and Williams Branch, two perennial, spring-fed streams between the visitor’s center and a replicated house similar to the one Carver lived in during part of his stay at the homestead. The remainder of the park is in early successional grassland or shrubland (27 acres or 11 ha or 11%) or is developed (22 acres or 8.87 ha or 9%).",
    "MasterId": null,
    "CanHaveProjectAndSiblings": true,
    "RelatedCaption": "Related Published Report Section",
    "TypeId": "PublishedReport",
    "CrossRefCount": 0,
    "Downloadability": "Public",
    "TypeName": "Published Report",
    "LinkedResourceCount": 2,
    "ReferenceId": 2194304,
    "Visibility": "Public",
    "OriginatingPrpCount": 0,
    "CanBeVersioned": true,
    "CanHaveChildren": true,
    "RefVersionsCount": 0,
    "RelatedCount": 0,
    "SelfFieldInfoInternal": [
        {
            "Required": false,
            "Name": "ContentBeginDate",
            "DisplayName": "Content Begin Date",
            "ContactType": null
        },
        {
            "Required": false,
            "Name": "ContentEndDate",
            "DisplayName": "Content End Date",
            "ContactType": null
        },
        {
            "Required": false,
            "Name": "DateOfIssue",
            "DisplayName": "Date Published",
            "ContactType": null
        },
        {
            "Required": false,
            "Name": "Description",
            "DisplayName": "Description",
            "ContactType": null
        },
        {
            "Required": false,
            "Name": "Edition",
            "DisplayName": "Edition",
            "ContactType": null
        },
        {
            "Required": false,
            "Name": "Location",
            "DisplayName": "Place Published",
            "ContactType": null
        },
        {
            "Required": false,
            "Name": "MiscCode",
            "DisplayName": "Report Number/ID",
            "ContactType": null
        },
        {
            "Required": false,
            "Name": "Notes",
            "DisplayName": "Notes",
            "ContactType": null
        },
        {
            "Required": false,
            "Name": "Publisher",
            "DisplayName": "Publisher",
            "ContactType": null
        },
        {
            "Required": false,
            "Name": "Size1",
            "DisplayName": "Number of Pages",
            "ContactType": null
        },
        {
            "Required": false,
            "Name": "TableOfContents",
            "DisplayName": "Table of Contents",
            "ContactType": null
        },
        {
            "Required": true,
            "Name": "Title",
            "DisplayName": "Title",
            "ContactType": null
        },
        {
            "Required": false,
            "Name": "Contacts1",
            "DisplayName": "Author(s)",
            "ContactType": "Mixed"
        },
        {
            "Required": false,
            "Name": "Contacts2",
            "DisplayName": "Editor(s)",
            "ContactType": "Mixed"
        }
    ],
    "IsReadOnly": false,
    "Title": "Vegetation mapping and classification of George Washington Carver National Monument",
    "DisableFilesLinksTab": false,
    "ParentFieldInfoInternal": [
        {
            "Required": false,
            "Name": "Publisher",
            "DisplayName": "Publisher",
            "ContactType": null
        },
        {
            "Required": true,
            "Name": "Title",
            "DisplayName": "Title",
            "ContactType": null
        }
    ],
    "CanHaveProducts": false,
    "ProductsCount": 0,
    "HasOriginationFlag": true,
    "DisplayCitation": "Diamond DD and Others. 2013. Vegetation mapping and classification of George Washington Carver National Monument. Natural Resource Report. NPS/GWCA/NRR—2013/648. National Park Service. Fort Collins, Colorado",
    "Lifecycle": "",
    "CanUserViewGrandparent": true,
    "CanUserViewParent": true
}