[
    {
        "Description": "Narrative Report",
        "FileManagerId": 146054,
        "WebServiceType": null,
        "FileDescription": "KLMN_Vegetation_Protocol_Narrative_v1.00_Final_20110531.pdf",
        "NeedsToBeQueued": false,
        "FileSize": 1919036,
        "LastVerified": "/Date(-62135571600000)/",
        "Id": 428971,
        "Url": "https://irma.nps.gov/DataStore/DownloadFile/428971",
        "HoldingType": 0,
        "ServiceTemplate": null,
        "DisableDownload": false,
        "MimeType": "application/pdf",
        "QueueForServices": false,
        "Accessibility": null,
        "DisplayOrder": 1
    },
    {
        "Description": "Suppliment: Appendix A",
        "FileManagerId": 112946,
        "WebServiceType": null,
        "FileDescription": "KLMN_Vegetation_Protocol_Appendices.pdf",
        "NeedsToBeQueued": false,
        "FileSize": 1670961,
        "LastVerified": "/Date(-62135571600000)/",
        "Id": 460916,
        "Url": "https://irma.nps.gov/DataStore/DownloadFile/460916",
        "HoldingType": 0,
        "ServiceTemplate": null,
        "DisableDownload": false,
        "MimeType": "application/pdf",
        "QueueForServices": false,
        "Accessibility": null,
        "DisplayOrder": 2
    },
    {
        "Description": "Suppliment: Protocol SOPs",
        "FileManagerId": 128418,
        "WebServiceType": null,
        "FileDescription": "KLMN_Vegetation_Protocol_SOPs.pdf",
        "NeedsToBeQueued": false,
        "FileSize": 4001645,
        "LastVerified": "/Date(-62135571600000)/",
        "Id": 460917,
        "Url": "https://irma.nps.gov/DataStore/DownloadFile/460917",
        "HoldingType": 0,
        "ServiceTemplate": null,
        "DisableDownload": false,
        "MimeType": "application/pdf",
        "QueueForServices": false,
        "Accessibility": null,
        "DisplayOrder": 3
    }
]