[
    {
        "Description": null,
        "FileManagerId": 110835,
        "WebServiceType": null,
        "FileDescription": "GRPO_NRCA_FINAL_Feb_2014_nrss.pdf",
        "NeedsToBeQueued": false,
        "FileSize": 14137644,
        "LastVerified": "/Date(-62135571600000)/",
        "Id": 491951,
        "Url": "https://irma.nps.gov/DataStore/DownloadFile/491951",
        "HoldingType": 0,
        "ServiceTemplate": null,
        "DisableDownload": false,
        "MimeType": "application/pdf",
        "QueueForServices": false,
        "Accessibility": null,
        "DisplayOrder": 1
    }
]