[
    {
        "Description": null,
        "FileManagerId": 108665,
        "WebServiceType": null,
        "FileDescription": "piperpt.pdf",
        "NeedsToBeQueued": false,
        "FileSize": 6528293,
        "LastVerified": "/Date(-62135571600000)/",
        "Id": 502270,
        "Url": "https://irma.nps.gov/DataStore/DownloadFile/502270",
        "HoldingType": 0,
        "ServiceTemplate": null,
        "DisableDownload": false,
        "MimeType": "application/pdf",
        "QueueForServices": false,
        "Accessibility": null,
        "DisplayOrder": 1
    },
    {
        "Description": "Geodatabase",
        "FileManagerId": 86118,
        "WebServiceType": null,
        "FileDescription": "pipe.zip",
        "NeedsToBeQueued": false,
        "FileSize": 2299307,
        "LastVerified": "/Date(-62135571600000)/",
        "Id": 524409,
        "Url": "https://irma.nps.gov/DataStore/DownloadFile/524409",
        "HoldingType": 0,
        "ServiceTemplate": null,
        "DisableDownload": false,
        "MimeType": "application/zip",
        "QueueForServices": false,
        "Accessibility": null,
        "DisplayOrder": 2
    }
]