[
    {
        "Description": null,
        "FileManagerId": 99546,
        "WebServiceType": null,
        "FileDescription": "20130625_USVI_Fish_Protocol_SFCNAppendix_nrss.pdf",
        "NeedsToBeQueued": false,
        "FileSize": 11550855,
        "LastVerified": "/Date(-62135571600000)/",
        "Id": 471146,
        "Url": "https://irma.nps.gov/DataStore/DownloadFile/471146",
        "HoldingType": 0,
        "ServiceTemplate": null,
        "DisableDownload": false,
        "MimeType": "application/pdf",
        "QueueForServices": false,
        "Accessibility": null,
        "DisplayOrder": 1
    }
]