[
    {
        "Description": null,
        "FileManagerId": 120374,
        "WebServiceType": null,
        "FileDescription": "FOBOVegMap_NRR2013673_2195865.pdf",
        "NeedsToBeQueued": false,
        "FileSize": 86960612,
        "LastVerified": "/Date(-62135571600000)/",
        "Id": 471191,
        "Url": "https://irma.nps.gov/DataStore/DownloadFile/471191",
        "HoldingType": 0,
        "ServiceTemplate": null,
        "DisableDownload": false,
        "MimeType": "application/pdf",
        "QueueForServices": false,
        "Accessibility": null,
        "DisplayOrder": 1
    }
]