[
    {
        "Description": null,
        "FileManagerId": 134529,
        "WebServiceType": null,
        "FileDescription": "NPS_GRYN_NRR_2013_624_BICA_UplandVegetationMonitoringProtocolStandardOperatingProceduresVersion1_0.pdf",
        "NeedsToBeQueued": false,
        "FileSize": 1956002,
        "LastVerified": "/Date(-62135571600000)/",
        "Id": 463501,
        "Url": "https://irma.nps.gov/DataStore/DownloadFile/463501",
        "HoldingType": 0,
        "ServiceTemplate": null,
        "DisableDownload": false,
        "MimeType": "application/pdf",
        "QueueForServices": false,
        "Accessibility": null,
        "DisplayOrder": 1
    },
    {
        "Description": "Link to the monitoring protocol narrative document associated with the standard operating procedures.",
        "FileManagerId": null,
        "WebServiceType": null,
        "FileDescription": null,
        "NeedsToBeQueued": false,
        "FileSize": 0,
        "LastVerified": "/Date(1359874800000)/",
        "Id": 463585,
        "Url": "https://irma.nps.gov/App/Reference/DownloadDigitalFile?code=463500&file=NPS_GRYN_NRR_2013_623_BICA_UplandVegetationMonitoringProtocolNarrativeVersion1_0.pdf",
        "HoldingType": 1,
        "ServiceTemplate": null,
        "DisableDownload": false,
        "MimeType": null,
        "QueueForServices": false,
        "Accessibility": null,
        "DisplayOrder": 2
    }
]