[
    {
        "Description": "Summary of current policies, regulations, and recommendations in addressing ecological risks associated with firewood",
        "FileManagerId": 122886,
        "WebServiceType": null,
        "FileDescription": "Firewood_Management-NRR_2014.pdf",
        "NeedsToBeQueued": false,
        "FileSize": 1499367,
        "LastVerified": "/Date(-62135571600000)/",
        "Id": 495061,
        "Url": "https://irma.nps.gov/DataStore/DownloadFile/495061",
        "HoldingType": 0,
        "ServiceTemplate": null,
        "DisableDownload": false,
        "MimeType": "application/pdf",
        "QueueForServices": false,
        "Accessibility": null,
        "DisplayOrder": 1
    }
]