{
    "NewestVersion": null,
    "Description": "This report presents the results of riparian condition assessments conducted during July 6-8, 2010 on the Pecos River and lower Glorieta Creek within Pecos National Historical Park, New Mexico.  These assessments were intended to inform the Natural Resource Condition Assessment and the Resource Stewardship Strategy now being prepared for the park.  We used methods described in “A User Guide to Assessing the Proper Functioning Condition and the Supporting Science for Lotic Areas” (USDI 1998) to evaluate 17 hydrology, vegetation, soil and geomorphology elements for three assessment reaches on the Pecos River and one reach on lower Glorieta Creek.  We then rated the reaches as being in “proper functioning,” “functional at-risk” or “nonfunctional” condition.  Riparian condition checklists and supporting notes prepared for all assessment reaches are provided in the appendices.   All three Pecos River reaches are in “proper functioning condition” (highest possible rating).  However, the lower Glorieta Creek reach was rated “functional – at risk with a downward trend” due to the man-made levee adjacent to the stream channel.  The levee constrains the channel to an artificially narrow corridor, which limits the potential size, structural complexity, and habitat value of this riparian system.  In addition, flood flows have the potential to erode through the levee and deposit excessive sediment into the newly restored wetlands east and north of the levee, and into downstream aquatic habitats.  We strongly recommend removal of the remaining levee to complete the lower Glorieta Creek restoration (i.e., connect the restored riparian-wetland area to the stream corridor), allow the riparian system to reach its full potential for habitat size, diversity, and quality, and eliminate the threat of excessive sediment deposition in aquatic systems.",
    "MasterId": null,
    "CanHaveProjectAndSiblings": true,
    "RelatedCaption": "Related Published Report Section",
    "TypeId": "PublishedReport",
    "CrossRefCount": 0,
    "Downloadability": "Public",
    "TypeName": "Published Report",
    "LinkedResourceCount": 1,
    "ReferenceId": 2172454,
    "Visibility": "Public",
    "OriginatingPrpCount": 0,
    "CanBeVersioned": true,
    "CanHaveChildren": true,
    "RefVersionsCount": 0,
    "RelatedCount": 0,
    "SelfFieldInfoInternal": [
        {
            "Required": false,
            "Name": "ContentBeginDate",
            "DisplayName": "Content Begin Date",
            "ContactType": null
        },
        {
            "Required": false,
            "Name": "ContentEndDate",
            "DisplayName": "Content End Date",
            "ContactType": null
        },
        {
            "Required": false,
            "Name": "DateOfIssue",
            "DisplayName": "Date Published",
            "ContactType": null
        },
        {
            "Required": false,
            "Name": "Description",
            "DisplayName": "Description",
            "ContactType": null
        },
        {
            "Required": false,
            "Name": "Edition",
            "DisplayName": "Edition",
            "ContactType": null
        },
        {
            "Required": false,
            "Name": "Location",
            "DisplayName": "Place Published",
            "ContactType": null
        },
        {
            "Required": false,
            "Name": "MiscCode",
            "DisplayName": "Report Number/ID",
            "ContactType": null
        },
        {
            "Required": false,
            "Name": "Notes",
            "DisplayName": "Notes",
            "ContactType": null
        },
        {
            "Required": false,
            "Name": "Publisher",
            "DisplayName": "Publisher",
            "ContactType": null
        },
        {
            "Required": false,
            "Name": "Size1",
            "DisplayName": "Number of Pages",
            "ContactType": null
        },
        {
            "Required": false,
            "Name": "TableOfContents",
            "DisplayName": "Table of Contents",
            "ContactType": null
        },
        {
            "Required": true,
            "Name": "Title",
            "DisplayName": "Title",
            "ContactType": null
        },
        {
            "Required": false,
            "Name": "Contacts1",
            "DisplayName": "Author(s)",
            "ContactType": "Mixed"
        },
        {
            "Required": false,
            "Name": "Contacts2",
            "DisplayName": "Editor(s)",
            "ContactType": "Mixed"
        }
    ],
    "IsReadOnly": false,
    "Title": "Riparian condition assessments for the Pecos River and lower Glorieta Creek: Pecos National Historical Park, New Mexico",
    "DisableFilesLinksTab": false,
    "ParentFieldInfoInternal": [
        {
            "Required": false,
            "Name": "Publisher",
            "DisplayName": "Publisher",
            "ContactType": null
        },
        {
            "Required": true,
            "Name": "Title",
            "DisplayName": "Title",
            "ContactType": null
        }
    ],
    "CanHaveProducts": false,
    "ProductsCount": 0,
    "HasOriginationFlag": true,
    "DisplayCitation": "Wagner J and Martin M. 2011. Riparian condition assessments for the Pecos River and lower Glorieta Creek: Pecos National Historical Park, New Mexico. Natural Resource Report. NPS/NRSS/WRD/NRR—2011/422. National Park Service, Natural Resource Stewardship and Science. Fort Collins, Colorado",
    "Lifecycle": "",
    "CanUserViewGrandparent": true,
    "CanUserViewParent": true
}