[
    {
        "Description": "",
        "FileManagerId": 116454,
        "WebServiceType": null,
        "FileDescription": "PECO_2010_Riparian_Assessment_NRR_Series_Report_FINAL_nrss.pdf",
        "NeedsToBeQueued": false,
        "FileSize": 2601255,
        "LastVerified": "/Date(-62135571600000)/",
        "Id": 430118,
        "Url": "https://irma.nps.gov/DataStore/DownloadFile/430118",
        "HoldingType": 0,
        "ServiceTemplate": null,
        "DisableDownload": false,
        "MimeType": "application/pdf",
        "QueueForServices": false,
        "Accessibility": null,
        "DisplayOrder": 1
    }
]