[
    {
        "Description": "Congaree National Park Visitor Study - Summer 2011",
        "FileManagerId": 79112,
        "WebServiceType": null,
        "FileDescription": "244.2_CONG_rept.pdf",
        "NeedsToBeQueued": false,
        "FileSize": 900999,
        "LastVerified": "/Date(-62135571600000)/",
        "Id": 461413,
        "Url": "https://irma.nps.gov/DataStore/DownloadFile/461413",
        "HoldingType": 0,
        "ServiceTemplate": null,
        "DisableDownload": false,
        "MimeType": "application/pdf",
        "QueueForServices": false,
        "Accessibility": null,
        "DisplayOrder": 1
    }
]