{
    "NewestVersion": null,
    "Description": "Eastern hemlock (Tsuga canadensis) forests are valued for their ecological attributes, aesthetic worth, and recreational uses. Since the 1950s, these long-lived trees have been under attack in the eastern United States from an exotic invasive insect, the hemlock woolly adelgid (HWA). At New River Gorge National River (NERI), Gauley River National Recreation Area (GARI), and Bluestone National Scenic River (BLUE), HWA started infesting stands of hemlocks in 2002, 2007, and 2000 respectively. With a foresight for the inevitable infestation of HWA, 36 long term monitoring plots were set up across 3 soil moisture gradients (hydric, mesic, xeric) in 1998 before HWA was present in any of the parks. The xeric plots seem to be the most affected by HWA with the highest mortality and least healthy crown vigor. Mesic and hydric plots both show overall negative crown vigor and positive mortality trends. Other supportive evidence for the devastation of HWA on hemlock comes from treatment monitoring in three different areas. The amount of HWA found on an untreated hemlock is inversely proportionate to the crown vigor rating; as the rating increases, or becomes less vigorous, the density of HWA increases. Treated trees do not show the same trend as untreated trees and there is a statistical difference (α=0.05) at two locations. This suggests that the efficacy of the pesticide treatments is high, which increases or stabilizes the health of hemlocks in highly infested areas. Throughout the three parks, a total of 12,094 trees have been treated with pesticides. Because pesticide treatment is only a temporary solution, three species of HWA predatory beetles have also been released: Laricobius nigrinus, Sasajiscymnus tsugae, and Sycmnus sinuanodulus. Ecologists are hopeful that predatory beetles will suppress HWA populations to levels where the majestic hemlock forest is preserved into the future.",
    "MasterId": null,
    "CanHaveProjectAndSiblings": true,
    "RelatedCaption": "Related Published Report Section",
    "TypeId": "PublishedReport",
    "CrossRefCount": 0,
    "Downloadability": "Public",
    "TypeName": "Published Report",
    "LinkedResourceCount": 1,
    "ReferenceId": 2210738,
    "Visibility": "Public",
    "OriginatingPrpCount": 0,
    "CanBeVersioned": true,
    "CanHaveChildren": true,
    "RefVersionsCount": 0,
    "RelatedCount": 0,
    "SelfFieldInfoInternal": [
        {
            "Required": false,
            "Name": "ContentBeginDate",
            "DisplayName": "Content Begin Date",
            "ContactType": null
        },
        {
            "Required": false,
            "Name": "ContentEndDate",
            "DisplayName": "Content End Date",
            "ContactType": null
        },
        {
            "Required": false,
            "Name": "DateOfIssue",
            "DisplayName": "Date Published",
            "ContactType": null
        },
        {
            "Required": false,
            "Name": "Description",
            "DisplayName": "Description",
            "ContactType": null
        },
        {
            "Required": false,
            "Name": "Edition",
            "DisplayName": "Edition",
            "ContactType": null
        },
        {
            "Required": false,
            "Name": "Location",
            "DisplayName": "Place Published",
            "ContactType": null
        },
        {
            "Required": false,
            "Name": "MiscCode",
            "DisplayName": "Report Number/ID",
            "ContactType": null
        },
        {
            "Required": false,
            "Name": "Notes",
            "DisplayName": "Notes",
            "ContactType": null
        },
        {
            "Required": false,
            "Name": "Publisher",
            "DisplayName": "Publisher",
            "ContactType": null
        },
        {
            "Required": false,
            "Name": "Size1",
            "DisplayName": "Number of Pages",
            "ContactType": null
        },
        {
            "Required": false,
            "Name": "TableOfContents",
            "DisplayName": "Table of Contents",
            "ContactType": null
        },
        {
            "Required": true,
            "Name": "Title",
            "DisplayName": "Title",
            "ContactType": null
        },
        {
            "Required": false,
            "Name": "Contacts1",
            "DisplayName": "Author(s)",
            "ContactType": "Mixed"
        },
        {
            "Required": false,
            "Name": "Contacts2",
            "DisplayName": "Editor(s)",
            "ContactType": "Mixed"
        }
    ],
    "IsReadOnly": false,
    "Title": "Hemlock woolly adelgid control project annual report 2012: New River Gorge National River, Gauley River National Recreation Area, and Bluestone National Scenic River",
    "DisableFilesLinksTab": false,
    "ParentFieldInfoInternal": [
        {
            "Required": false,
            "Name": "Publisher",
            "DisplayName": "Publisher",
            "ContactType": null
        },
        {
            "Required": true,
            "Name": "Title",
            "DisplayName": "Title",
            "ContactType": null
        }
    ],
    "CanHaveProducts": false,
    "ProductsCount": 0,
    "HasOriginationFlag": true,
    "DisplayCitation": "Strickler LK. 2014. Hemlock woolly adelgid control project annual report 2012: New River Gorge National River, Gauley River National Recreation Area, and Bluestone National Scenic River. Natural Resource Report. NPS/NERI/NRR—2014/818. National Park Service. Fort Collins, Colorado",
    "Lifecycle": "",
    "CanUserViewGrandparent": true,
    "CanUserViewParent": true
}