[
    {
        "Description": null,
        "FileManagerId": 118812,
        "WebServiceType": null,
        "FileDescription": "NRR_Hemlock_Report_2012_Strickler_nrssayi.pdf",
        "NeedsToBeQueued": false,
        "FileSize": 5549334,
        "LastVerified": "/Date(-62135571600000)/",
        "Id": 495366,
        "Url": "https://irma.nps.gov/DataStore/DownloadFile/495366",
        "HoldingType": 0,
        "ServiceTemplate": null,
        "DisableDownload": false,
        "MimeType": "application/pdf",
        "QueueForServices": false,
        "Accessibility": null,
        "DisplayOrder": 1
    }
]