[
    {
        "Description": "Final Report",
        "FileManagerId": 127205,
        "WebServiceType": null,
        "FileDescription": "VegMap_LIBI_Report_FINAL_20120929_nrss.pdf",
        "NeedsToBeQueued": false,
        "FileSize": 8430081,
        "LastVerified": "/Date(-62135571600000)/",
        "Id": 473886,
        "Url": "https://irma.nps.gov/DataStore/DownloadFile/473886",
        "HoldingType": 0,
        "ServiceTemplate": null,
        "DisableDownload": false,
        "MimeType": "application/pdf",
        "QueueForServices": false,
        "Accessibility": null,
        "DisplayOrder": 1
    }
]