[
    {
        "Description": "Fort Union Trading post National Historic Site - Natural Resource Condition Assessment",
        "FileManagerId": 131355,
        "WebServiceType": null,
        "FileDescription": "FOUS_NRCA_FinalReport_08022012_nrss.pdf",
        "NeedsToBeQueued": false,
        "FileSize": 4897909,
        "LastVerified": "/Date(-62135571600000)/",
        "Id": 491940,
        "Url": "https://irma.nps.gov/DataStore/DownloadFile/491940",
        "HoldingType": 0,
        "ServiceTemplate": null,
        "DisableDownload": false,
        "MimeType": "application/pdf",
        "QueueForServices": false,
        "Accessibility": null,
        "DisplayOrder": 1
    }
]