[
    {
        "Description": null,
        "FileManagerId": 101521,
        "WebServiceType": null,
        "FileDescription": "245_FOSC_Visitor_Study_rept_nrss.pdf",
        "NeedsToBeQueued": false,
        "FileSize": 2051907,
        "LastVerified": "/Date(-62135571600000)/",
        "Id": 453051,
        "Url": "https://irma.nps.gov/DataStore/DownloadFile/453051",
        "HoldingType": 0,
        "ServiceTemplate": null,
        "DisableDownload": false,
        "MimeType": "application/pdf",
        "QueueForServices": false,
        "Accessibility": null,
        "DisplayOrder": 1
    }
]