[
    {
        "Description": "Boston Harbor Islands National Recreation Area Coastal Breeding Bird Protocol - 2014 revision. ",
        "FileManagerId": 132070,
        "WebServiceType": null,
        "FileDescription": "BOHA_Coastal_Breeding_Bird_Protocol_2014_revision.pdf",
        "NeedsToBeQueued": false,
        "FileSize": 2737154,
        "LastVerified": "/Date(-62135571600000)/",
        "Id": 492715,
        "Url": "https://irma.nps.gov/DataStore/DownloadFile/492715",
        "HoldingType": 0,
        "ServiceTemplate": null,
        "DisableDownload": false,
        "MimeType": "application/pdf",
        "QueueForServices": false,
        "Accessibility": null,
        "DisplayOrder": 1
    }
]