[
    {
        "Description": null,
        "FileManagerId": 112798,
        "WebServiceType": null,
        "FileDescription": "SowlJ_IntegratedForestStewardship_2014.pdf",
        "NeedsToBeQueued": false,
        "FileSize": 3238235,
        "LastVerified": "/Date(-62135571600000)/",
        "Id": 502922,
        "Url": "https://irma.nps.gov/DataStore/DownloadFile/502922",
        "HoldingType": 0,
        "ServiceTemplate": null,
        "DisableDownload": false,
        "MimeType": "application/pdf",
        "QueueForServices": false,
        "Accessibility": null,
        "DisplayOrder": 1
    }
]