[
    {
        "Description": "Web Version",
        "FileManagerId": 114772,
        "WebServiceType": null,
        "FileDescription": "Four-Network_Landbird_Protocol_Final_Small.pdf",
        "NeedsToBeQueued": false,
        "FileSize": 9541859,
        "LastVerified": "/Date(-62135571600000)/",
        "Id": 484922,
        "Url": "https://irma.nps.gov/DataStore/DownloadFile/484922",
        "HoldingType": 0,
        "ServiceTemplate": null,
        "DisableDownload": false,
        "MimeType": "application/pdf",
        "QueueForServices": false,
        "Accessibility": null,
        "DisplayOrder": 1
    },
    {
        "Description": "Landbird Monitoring Protocol and SOPs - CHDN, NGPN, SODN, SOPN (print version)",
        "FileManagerId": 139702,
        "WebServiceType": null,
        "FileDescription": "Four-Network_Landbird_Protocol_Final.pdf",
        "NeedsToBeQueued": false,
        "FileSize": 64016402,
        "LastVerified": "/Date(-62135571600000)/",
        "Id": 484923,
        "Url": "https://irma.nps.gov/DataStore/DownloadFile/484923",
        "HoldingType": 0,
        "ServiceTemplate": null,
        "DisableDownload": false,
        "MimeType": "application/pdf",
        "QueueForServices": false,
        "Accessibility": null,
        "DisplayOrder": 2
    }
]