[
    {
        "Description": "Final PDF NPS/NEPE/NRR—2013/656, pdf 5-7-2013",
        "FileManagerId": 119867,
        "WebServiceType": null,
        "FileDescription": "NEPE_SafetyPlan_V1.0_20130507_nrss.pdf",
        "NeedsToBeQueued": false,
        "FileSize": 528985,
        "LastVerified": "/Date(-62135571600000)/",
        "Id": 468769,
        "Url": "https://irma.nps.gov/DataStore/DownloadFile/468769",
        "HoldingType": 0,
        "ServiceTemplate": null,
        "DisableDownload": false,
        "MimeType": "application/pdf",
        "QueueForServices": false,
        "Accessibility": null,
        "DisplayOrder": 1
    }
]