[
    {
        "Description": null,
        "FileManagerId": 132322,
        "WebServiceType": null,
        "FileDescription": "250.2_YELL_Winter_final_rpt_nrss.pdf",
        "NeedsToBeQueued": false,
        "FileSize": 4278968,
        "LastVerified": "/Date(-62135571600000)/",
        "Id": 461698,
        "Url": "https://irma.nps.gov/DataStore/DownloadFile/461698",
        "HoldingType": 0,
        "ServiceTemplate": null,
        "DisableDownload": false,
        "MimeType": "application/pdf",
        "QueueForServices": false,
        "Accessibility": null,
        "DisplayOrder": 1
    }
]