[
    {
        "Description": "PDF version of &quot;Guide To Evaluating Visual Impact Assessments for Renewable Energy Projects.&quot;",
        "FileManagerId": 138722,
        "WebServiceType": null,
        "FileDescription": "NRR_VIAGuide-RenewableEnergy_2014-08-11_web.pdf",
        "NeedsToBeQueued": false,
        "FileSize": 5717050,
        "LastVerified": "/Date(-62135571600000)/",
        "Id": 498939,
        "Url": "https://irma.nps.gov/DataStore/DownloadFile/498939",
        "HoldingType": 0,
        "ServiceTemplate": null,
        "DisableDownload": false,
        "MimeType": "application/pdf",
        "QueueForServices": false,
        "Accessibility": null,
        "DisplayOrder": 1
    }
]