[
    {
        "Description": null,
        "FileManagerId": 127276,
        "WebServiceType": null,
        "FileDescription": "liborpt.pdf",
        "NeedsToBeQueued": false,
        "FileSize": 5217231,
        "LastVerified": "/Date(-62135571600000)/",
        "Id": 502268,
        "Url": "https://irma.nps.gov/DataStore/DownloadFile/502268",
        "HoldingType": 0,
        "ServiceTemplate": null,
        "DisableDownload": false,
        "MimeType": "application/pdf",
        "QueueForServices": false,
        "Accessibility": null,
        "DisplayOrder": 1
    },
    {
        "Description": "Geodatabase of spatial vegetation data",
        "FileManagerId": 100545,
        "WebServiceType": null,
        "FileDescription": "libo.zip",
        "NeedsToBeQueued": false,
        "FileSize": 2167248,
        "LastVerified": "/Date(-62135571600000)/",
        "Id": 524408,
        "Url": "https://irma.nps.gov/DataStore/DownloadFile/524408",
        "HoldingType": 0,
        "ServiceTemplate": null,
        "DisableDownload": false,
        "MimeType": "application/zip",
        "QueueForServices": false,
        "Accessibility": null,
        "DisplayOrder": 2
    }
]