[
    {
        "Description": null,
        "FileManagerId": 91925,
        "WebServiceType": null,
        "FileDescription": "NETN_Forest_Protocol_Final_2011.zip",
        "NeedsToBeQueued": false,
        "FileSize": 9902989,
        "LastVerified": "/Date(-62135571600000)/",
        "Id": 463032,
        "Url": "https://irma.nps.gov/DataStore/DownloadFile/463032",
        "HoldingType": 0,
        "ServiceTemplate": null,
        "DisableDownload": false,
        "MimeType": "application/zip",
        "QueueForServices": false,
        "Accessibility": null,
        "DisplayOrder": 1
    }
]