[
    {
        "Description": null,
        "FileManagerId": 112779,
        "WebServiceType": null,
        "FileDescription": "CompSurvey_2008-2009_Race_&_Ethnicity_July_2011_nrss.pdf",
        "NeedsToBeQueued": false,
        "FileSize": 214680,
        "LastVerified": "/Date(-62135571600000)/",
        "Id": 432667,
        "Url": "https://irma.nps.gov/DataStore/DownloadFile/432667",
        "HoldingType": 0,
        "ServiceTemplate": null,
        "DisableDownload": false,
        "MimeType": "application/pdf",
        "QueueForServices": false,
        "Accessibility": null,
        "DisplayOrder": 1
    }
]