[
    {
        "Description": null,
        "FileManagerId": 121775,
        "WebServiceType": null,
        "FileDescription": "Rare_Plant_monitoring_summary_20121015_nrss.pdf",
        "NeedsToBeQueued": false,
        "FileSize": 5640501,
        "LastVerified": "/Date(-62135571600000)/",
        "Id": 467207,
        "Url": "https://irma.nps.gov/DataStore/DownloadFile/467207",
        "HoldingType": 0,
        "ServiceTemplate": null,
        "DisableDownload": false,
        "MimeType": "application/pdf",
        "QueueForServices": false,
        "Accessibility": null,
        "DisplayOrder": 1
    }
]