[
    {
        "Description": "Forest health monitoring in Acadia National Park: 2006-2013 summary report",
        "FileManagerId": 77491,
        "WebServiceType": null,
        "FileDescription": "ACAD_forest_summary_report_FINAL.pdf",
        "NeedsToBeQueued": false,
        "FileSize": 5504244,
        "LastVerified": "/Date(-62135571600000)/",
        "Id": 490410,
        "Url": "https://irma.nps.gov/DataStore/DownloadFile/490410",
        "HoldingType": 0,
        "ServiceTemplate": null,
        "DisableDownload": false,
        "MimeType": "application/pdf",
        "QueueForServices": false,
        "Accessibility": null,
        "DisplayOrder": 1
    }
]