[
    {
        "Description": "Appalachian National Scenic Trail rare plant monitoring protocol",
        "FileManagerId": 107546,
        "WebServiceType": null,
        "FileDescription": "APPA_Rare_Plant_Monitoring_Protocol_FINAL.pdf",
        "NeedsToBeQueued": false,
        "FileSize": 2942906,
        "LastVerified": "/Date(-62135571600000)/",
        "Id": 462833,
        "Url": "https://irma.nps.gov/DataStore/DownloadFile/462833",
        "HoldingType": 0,
        "ServiceTemplate": null,
        "DisableDownload": false,
        "MimeType": "application/pdf",
        "QueueForServices": false,
        "Accessibility": null,
        "DisplayOrder": 1
    }
]