[
    {
        "Description": null,
        "FileManagerId": 143882,
        "WebServiceType": null,
        "FileDescription": "NETN_Forest_Protocol_Final_2012.zip",
        "NeedsToBeQueued": false,
        "FileSize": 11760853,
        "LastVerified": "/Date(-62135571600000)/",
        "Id": 463033,
        "Url": "https://irma.nps.gov/DataStore/DownloadFile/463033",
        "HoldingType": 0,
        "ServiceTemplate": null,
        "DisableDownload": false,
        "MimeType": "application/zip",
        "QueueForServices": false,
        "Accessibility": null,
        "DisplayOrder": 1
    }
]