{
    "NewestVersion": 2219155,
    "Description": "This protocol has been developed for long-term monitoring of forest vegetation within the National Park Service’s (NPS) Northeastern Temperate Network (NETN) as part of the NPS Inventory and Monitoring Program. The protocol includes methods for assessing and reporting the ecological integrity of forested ecosystems. \n\nThe overall goal of this protocol is to monitor status and trends in the structure, function and condition of NETN forested ecosystems in order to inform management decisions affecting those systems. To do so, NETN will interpret and report the ecological integrity of NETN forested systems from monitoring data. The “ecological integrity” of an ecosystem is a measure of the structure, composition, and function of an ecosystem as compared to pristine or benchmark ecosystems operating within the bounds of natural or historic disturbance regimes (Karr and Dudley 1981, Parrish et al. 2003). Ecological integrity can be assessed by comparing key elements or attributes of an ecosystem to a reference area or to historical measurements or modeling efforts. In this way, NETN hopes to provide reliable data to inform management decisions relevant to NETN forested systems, including NPS land management and forest harvest plans, exotic species control, deer population management, NPS internal development, and national pollution control legislation.",
    "MasterId": null,
    "CanHaveProjectAndSiblings": true,
    "RelatedCaption": "Related Published Report Section",
    "TypeId": "PublishedReport",
    "CrossRefCount": 0,
    "Downloadability": "Public",
    "TypeName": "Published Report",
    "LinkedResourceCount": 1,
    "ReferenceId": 2192792,
    "Visibility": "Public",
    "OriginatingPrpCount": 0,
    "CanBeVersioned": true,
    "CanHaveChildren": true,
    "RefVersionsCount": 10,
    "RelatedCount": 0,
    "SelfFieldInfoInternal": [
        {
            "Required": false,
            "Name": "ContentBeginDate",
            "DisplayName": "Content Begin Date",
            "ContactType": null
        },
        {
            "Required": false,
            "Name": "ContentEndDate",
            "DisplayName": "Content End Date",
            "ContactType": null
        },
        {
            "Required": false,
            "Name": "DateOfIssue",
            "DisplayName": "Date Published",
            "ContactType": null
        },
        {
            "Required": false,
            "Name": "Description",
            "DisplayName": "Description",
            "ContactType": null
        },
        {
            "Required": false,
            "Name": "Edition",
            "DisplayName": "Edition",
            "ContactType": null
        },
        {
            "Required": false,
            "Name": "Location",
            "DisplayName": "Place Published",
            "ContactType": null
        },
        {
            "Required": false,
            "Name": "MiscCode",
            "DisplayName": "Report Number/ID",
            "ContactType": null
        },
        {
            "Required": false,
            "Name": "Notes",
            "DisplayName": "Notes",
            "ContactType": null
        },
        {
            "Required": false,
            "Name": "Publisher",
            "DisplayName": "Publisher",
            "ContactType": null
        },
        {
            "Required": false,
            "Name": "Size1",
            "DisplayName": "Number of Pages",
            "ContactType": null
        },
        {
            "Required": false,
            "Name": "TableOfContents",
            "DisplayName": "Table of Contents",
            "ContactType": null
        },
        {
            "Required": true,
            "Name": "Title",
            "DisplayName": "Title",
            "ContactType": null
        },
        {
            "Required": false,
            "Name": "Contacts1",
            "DisplayName": "Author(s)",
            "ContactType": "Mixed"
        },
        {
            "Required": false,
            "Name": "Contacts2",
            "DisplayName": "Editor(s)",
            "ContactType": "Mixed"
        }
    ],
    "IsReadOnly": true,
    "Title": "Northeast Temperate Network Long-term Forest Monitoring Protocol: 2012 Revision",
    "DisableFilesLinksTab": false,
    "ParentFieldInfoInternal": [
        {
            "Required": false,
            "Name": "Publisher",
            "DisplayName": "Publisher",
            "ContactType": null
        },
        {
            "Required": true,
            "Name": "Title",
            "DisplayName": "Title",
            "ContactType": null
        }
    ],
    "CanHaveProducts": false,
    "ProductsCount": 0,
    "HasOriginationFlag": true,
    "DisplayCitation": "Tierney G and Others. 2012. Northeast Temperate Network Long-term Forest Monitoring Protocol: 2012 Revision. Natural Resource Report. NPS/NETN/NRR—2012/507. National Park Service. Fort Collins, Colorado",
    "Lifecycle": "",
    "CanUserViewGrandparent": true,
    "CanUserViewParent": true
}