[
    {
        "Description": "Coastal Breeding Bird Monitoring Protocol: 2011 Revision",
        "FileManagerId": 82326,
        "WebServiceType": null,
        "FileDescription": "BOHA_Coastal_Breeding_Bird_Protocol_2011_revision_FINAL_20110630.pdf",
        "NeedsToBeQueued": false,
        "FileSize": 2191426,
        "LastVerified": "/Date(-62135571600000)/",
        "Id": 430126,
        "Url": "https://irma.nps.gov/DataStore/DownloadFile/430126",
        "HoldingType": 0,
        "ServiceTemplate": null,
        "DisableDownload": false,
        "MimeType": "application/pdf",
        "QueueForServices": false,
        "Accessibility": null,
        "DisplayOrder": 1
    }
]