[
    {
        "Description": null,
        "FileManagerId": 74666,
        "WebServiceType": null,
        "FileDescription": "GRKO_Report_final_nrss.pdf",
        "NeedsToBeQueued": false,
        "FileSize": 5858928,
        "LastVerified": "/Date(-62135571600000)/",
        "Id": 494848,
        "Url": "https://irma.nps.gov/DataStore/DownloadFile/494848",
        "HoldingType": 0,
        "ServiceTemplate": null,
        "DisableDownload": false,
        "MimeType": "application/pdf",
        "QueueForServices": false,
        "Accessibility": null,
        "DisplayOrder": 1
    }
]