[
    {
        "Description": "Federal Land Managers’ Interagency Guidance for Nitrogen and Sulfur Deposition Analyses (pdf, 2.3 MB)",
        "FileManagerId": 92604,
        "WebServiceType": null,
        "FileDescription": "DAT_CL_Guidance_2011.pdf",
        "NeedsToBeQueued": false,
        "FileSize": 2429480,
        "LastVerified": "/Date(-62135571600000)/",
        "Id": 440123,
        "Url": "https://irma.nps.gov/DataStore/DownloadFile/440123",
        "HoldingType": 0,
        "ServiceTemplate": null,
        "DisableDownload": false,
        "MimeType": "application/pdf",
        "QueueForServices": false,
        "Accessibility": null,
        "DisplayOrder": 1
    }
]