[
    {
        "Description": "",
        "FileManagerId": 148197,
        "WebServiceType": null,
        "FileDescription": "PECO_RSS_20110603_nrss_final.pdf",
        "NeedsToBeQueued": false,
        "FileSize": 3653009,
        "LastVerified": "/Date(-62135571600000)/",
        "Id": 432836,
        "Url": "https://irma.nps.gov/DataStore/DownloadFile/432836",
        "HoldingType": 0,
        "ServiceTemplate": null,
        "DisableDownload": false,
        "MimeType": "application/pdf",
        "QueueForServices": false,
        "Accessibility": null,
        "DisplayOrder": 1
    }
]