[
    {
        "Description": null,
        "FileManagerId": 88498,
        "WebServiceType": null,
        "FileDescription": "FOST_visitor_study_report_final_nrss.pdf",
        "NeedsToBeQueued": false,
        "FileSize": 2003065,
        "LastVerified": "/Date(-62135571600000)/",
        "Id": 453040,
        "Url": "https://irma.nps.gov/DataStore/DownloadFile/453040",
        "HoldingType": 0,
        "ServiceTemplate": null,
        "DisableDownload": false,
        "MimeType": "application/pdf",
        "QueueForServices": false,
        "Accessibility": null,
        "DisplayOrder": 1
    }
]