[
    {
        "Description": "PDF Version (4 Mb)",
        "FileManagerId": 85971,
        "WebServiceType": null,
        "FileDescription": "FOUN_VegSurvey_&_AA_FINAL_nrss.pdf",
        "NeedsToBeQueued": false,
        "FileSize": 5094372,
        "LastVerified": "/Date(-62135571600000)/",
        "Id": 451961,
        "Url": "https://irma.nps.gov/DataStore/DownloadFile/451961",
        "HoldingType": 0,
        "ServiceTemplate": null,
        "DisableDownload": false,
        "MimeType": "application/pdf",
        "QueueForServices": false,
        "Accessibility": null,
        "DisplayOrder": 1
    }
]