[
    {
        "Description": null,
        "FileManagerId": 71842,
        "WebServiceType": null,
        "FileDescription": "ERMN_2214573_ISED_Protocol_V2_Keefer_NPS_NRR_2014_837.pdf",
        "NeedsToBeQueued": false,
        "FileSize": 4193884,
        "LastVerified": "/Date(-62135571600000)/",
        "Id": 499647,
        "Url": "https://irma.nps.gov/DataStore/DownloadFile/499647",
        "HoldingType": 0,
        "ServiceTemplate": null,
        "DisableDownload": false,
        "MimeType": "application/pdf",
        "QueueForServices": false,
        "Accessibility": null,
        "DisplayOrder": 1
    }
]