[
    {
        "Description": "2011 NPS Economic Impacts Report",
        "FileManagerId": 142833,
        "WebServiceType": null,
        "FileDescription": "NPSSystemestimates2011-final_-_revised_2-19-13_nrss.pdf",
        "NeedsToBeQueued": false,
        "FileSize": 1512009,
        "LastVerified": "/Date(-62135571600000)/",
        "Id": 464851,
        "Url": "https://irma.nps.gov/DataStore/DownloadFile/464851",
        "HoldingType": 0,
        "ServiceTemplate": null,
        "DisableDownload": false,
        "MimeType": "application/pdf",
        "QueueForServices": false,
        "Accessibility": null,
        "DisplayOrder": 1
    }
]