[
    {
        "Description": "Knife River Indian Villages National Historic Site - Natural Resource Condition Assessment",
        "FileManagerId": 135965,
        "WebServiceType": null,
        "FileDescription": "KNRI_NRCA_FinalReport_08202012_nrss.pdf",
        "NeedsToBeQueued": false,
        "FileSize": 4805936,
        "LastVerified": "/Date(-62135571600000)/",
        "Id": 491939,
        "Url": "https://irma.nps.gov/DataStore/DownloadFile/491939",
        "HoldingType": 0,
        "ServiceTemplate": null,
        "DisableDownload": false,
        "MimeType": "application/pdf",
        "QueueForServices": false,
        "Accessibility": null,
        "DisplayOrder": 1
    }
]