[
    {
        "Description": "Final PDF of 2010 monitoring and tracking wet nitrogen deposition at Rocky Mountain National Park",
        "FileManagerId": 85864,
        "WebServiceType": null,
        "FileDescription": "rmnp-trends_2010.pdf",
        "NeedsToBeQueued": false,
        "FileSize": 1873708,
        "LastVerified": "/Date(-62135571600000)/",
        "Id": 454683,
        "Url": "https://irma.nps.gov/DataStore/DownloadFile/454683",
        "HoldingType": 0,
        "ServiceTemplate": null,
        "DisableDownload": false,
        "MimeType": "application/pdf",
        "QueueForServices": false,
        "Accessibility": null,
        "DisplayOrder": 1
    }
]