[
    {
        "Description": null,
        "FileManagerId": 147581,
        "WebServiceType": null,
        "FileDescription": "CAKN_Mooseprotocols_nrss.pdf",
        "NeedsToBeQueued": false,
        "FileSize": 2120379,
        "LastVerified": "/Date(-62135571600000)/",
        "Id": 446704,
        "Url": "https://irma.nps.gov/DataStore/DownloadFile/446704",
        "HoldingType": 0,
        "ServiceTemplate": null,
        "DisableDownload": false,
        "MimeType": "application/pdf",
        "QueueForServices": false,
        "Accessibility": null,
        "DisplayOrder": 1
    }
]