[
    {
        "Description": null,
        "FileManagerId": 82735,
        "WebServiceType": null,
        "FileDescription": "NCCN_Prairie_Vegetation_Monitoring_Protocol_20120618.pdf",
        "NeedsToBeQueued": false,
        "FileSize": 7618711,
        "LastVerified": "/Date(-62135571600000)/",
        "Id": 449819,
        "Url": "https://irma.nps.gov/DataStore/DownloadFile/449819",
        "HoldingType": 0,
        "ServiceTemplate": null,
        "DisableDownload": false,
        "MimeType": "application/pdf",
        "QueueForServices": false,
        "Accessibility": null,
        "DisplayOrder": 1
    }
]