{
    "NewestVersion": null,
    "Description": "Prairies and Garry oak woodlands were once extensive in the lowlands of Washington and Oregon. Today, it is estimated that less than 3% of these areas still exist and many are severely degraded. The goal of the prairie monitoring project is to detect and describe changes in the extent and quality of prairie (herbaceous) communities in San Juan Island National Historical Park. The extent and distribution of prairies, oak woodlands, and forests are important attributes of the park’s cultural landscape. There are four primary objectives addressed in this protocol: \n\n1. Detect change in the extent of physiognomic cover types within American Camp and English Camp.\n2. Detect change in the proportion of areas dominated by exotic and native species within American Camp and English Camp.\n3. Detect change in the quality of herbaceous cover types within American Camp and English Camp.\n4. Detect changes in composition and diversity of herbaceous cover types within American Camp and English Camp.\n\nPrairie monitoring follows a two-stage sampling design; the first stage is designed to detect changes in physiognomic cover classes and the second stage focuses on composition of herbaceous communities. Sampling is conducted along parallel transects drawn at random using a general random tessellation stratified sample (GRTS). Physiognomic cover types and origin of predominant species (i.e. exotic or native) are recorded along transects. Species composition, of herbaceous cover types, is monitored within 1 m2 quadrats located systematically along transects. Status and trends of cover types are assessed through changes in dominance of native versus exotic species origin of predominant species, species richness, average Coefficient of Conservatism the floristic quality index (FQI), and changes in species composition. Ecological integrity of cover types is classified as good, caution, or significant concern based on status of the cover types. Trends in cover of predominant species, floristic quality, and extent of cover types are used to describe whether the status of the cover type is stable, improving, or declining.",
    "MasterId": null,
    "CanHaveProjectAndSiblings": true,
    "RelatedCaption": "Related Published Report Section",
    "TypeId": "PublishedReport",
    "CrossRefCount": 0,
    "Downloadability": "Public",
    "TypeName": "Published Report",
    "LinkedResourceCount": 1,
    "ReferenceId": 2185934,
    "Visibility": "Public",
    "OriginatingPrpCount": 1,
    "CanBeVersioned": true,
    "CanHaveChildren": true,
    "RefVersionsCount": 0,
    "RelatedCount": 0,
    "SelfFieldInfoInternal": [
        {
            "Required": false,
            "Name": "ContentBeginDate",
            "DisplayName": "Content Begin Date",
            "ContactType": null
        },
        {
            "Required": false,
            "Name": "ContentEndDate",
            "DisplayName": "Content End Date",
            "ContactType": null
        },
        {
            "Required": false,
            "Name": "DateOfIssue",
            "DisplayName": "Date Published",
            "ContactType": null
        },
        {
            "Required": false,
            "Name": "Description",
            "DisplayName": "Description",
            "ContactType": null
        },
        {
            "Required": false,
            "Name": "Edition",
            "DisplayName": "Edition",
            "ContactType": null
        },
        {
            "Required": false,
            "Name": "Location",
            "DisplayName": "Place Published",
            "ContactType": null
        },
        {
            "Required": false,
            "Name": "MiscCode",
            "DisplayName": "Report Number/ID",
            "ContactType": null
        },
        {
            "Required": false,
            "Name": "Notes",
            "DisplayName": "Notes",
            "ContactType": null
        },
        {
            "Required": false,
            "Name": "Publisher",
            "DisplayName": "Publisher",
            "ContactType": null
        },
        {
            "Required": false,
            "Name": "Size1",
            "DisplayName": "Number of Pages",
            "ContactType": null
        },
        {
            "Required": false,
            "Name": "TableOfContents",
            "DisplayName": "Table of Contents",
            "ContactType": null
        },
        {
            "Required": true,
            "Name": "Title",
            "DisplayName": "Title",
            "ContactType": null
        },
        {
            "Required": false,
            "Name": "Contacts1",
            "DisplayName": "Author(s)",
            "ContactType": "Mixed"
        },
        {
            "Required": false,
            "Name": "Contacts2",
            "DisplayName": "Editor(s)",
            "ContactType": "Mixed"
        }
    ],
    "IsReadOnly": false,
    "Title": "Prairie vegetation monitoring protocol for the North Coast and Cascades Network",
    "DisableFilesLinksTab": false,
    "ParentFieldInfoInternal": [
        {
            "Required": false,
            "Name": "Publisher",
            "DisplayName": "Publisher",
            "ContactType": null
        },
        {
            "Required": true,
            "Name": "Title",
            "DisplayName": "Title",
            "ContactType": null
        }
    ],
    "CanHaveProducts": false,
    "ProductsCount": 0,
    "HasOriginationFlag": true,
    "DisplayCitation": "Rochefort RM and Others. 2012. Prairie vegetation monitoring protocol for the North Coast and Cascades Network. Natural Resource Report. NPS/NCCN/NRR—2012/538. National Park Service. Fort Collins, Colorado",
    "Lifecycle": "",
    "CanUserViewGrandparent": true,
    "CanUserViewParent": true
}