[
    {
        "Description": null,
        "FileManagerId": 100243,
        "WebServiceType": null,
        "FileDescription": "WABA-2013-MGM2-final_nrss.pdf",
        "NeedsToBeQueued": false,
        "FileSize": 249700,
        "LastVerified": "/Date(-62135571600000)/",
        "Id": 494892,
        "Url": "https://irma.nps.gov/DataStore/DownloadFile/494892",
        "HoldingType": 0,
        "ServiceTemplate": null,
        "DisableDownload": false,
        "MimeType": "application/pdf",
        "QueueForServices": false,
        "Accessibility": null,
        "DisplayOrder": 1
    }
]