[
    {
        "Description": "Report to the National Park Service Alaska Leadership Council on wildlife stewardship on NPS lands",
        "FileManagerId": 136900,
        "WebServiceType": null,
        "FileDescription": "Alaska_Wildlife_Stewardship_Final.pdf",
        "NeedsToBeQueued": false,
        "FileSize": 370099,
        "LastVerified": "/Date(-62135571600000)/",
        "Id": 470145,
        "Url": "https://irma.nps.gov/DataStore/DownloadFile/470145",
        "HoldingType": 0,
        "ServiceTemplate": null,
        "DisableDownload": false,
        "MimeType": "application/pdf",
        "QueueForServices": false,
        "Accessibility": null,
        "DisplayOrder": 1
    }
]