[
    {
        "Description": null,
        "FileManagerId": 119589,
        "WebServiceType": null,
        "FileDescription": "ASIS_Nat_Res_Cond_Rpt_-_SCREEN.pdf",
        "NeedsToBeQueued": false,
        "FileSize": 53113608,
        "LastVerified": "/Date(-62135571600000)/",
        "Id": 429334,
        "Url": "https://irma.nps.gov/DataStore/DownloadFile/429334",
        "HoldingType": 0,
        "ServiceTemplate": null,
        "DisableDownload": false,
        "MimeType": "application/pdf",
        "QueueForServices": false,
        "Accessibility": null,
        "DisplayOrder": 1
    }
]