[
    {
        "Description": null,
        "FileManagerId": 137483,
        "WebServiceType": null,
        "FileDescription": "Griswold_etal_GYA_AIS_Sampling_Design_NPS_NRR_2011_428.pdf",
        "NeedsToBeQueued": false,
        "FileSize": 1275697,
        "LastVerified": "/Date(-62135571600000)/",
        "Id": 432861,
        "Url": "https://irma.nps.gov/DataStore/DownloadFile/432861",
        "HoldingType": 0,
        "ServiceTemplate": null,
        "DisableDownload": false,
        "MimeType": "application/pdf",
        "QueueForServices": false,
        "Accessibility": null,
        "DisplayOrder": 1
    }
]