[
    {
        "Description": "Low resolution vegetation map",
        "FileManagerId": 313076,
        "WebServiceType": null,
        "FileDescription": "2 nepevegmap.pdf",
        "NeedsToBeQueued": false,
        "FileSize": 967123,
        "LastVerified": "/Date(-62135571600000)/",
        "Id": 564816,
        "Url": "https://irma.nps.gov/DataStore/DownloadFile/564816",
        "HoldingType": 0,
        "ServiceTemplate": null,
        "DisableDownload": false,
        "MimeType": "application/pdf",
        "QueueForServices": false,
        "Accessibility": null,
        "DisplayOrder": 1
    },
    {
        "Description": "Final Project Report",
        "FileManagerId": 313077,
        "WebServiceType": null,
        "FileDescription": "1 neperpt.pdf",
        "NeedsToBeQueued": false,
        "FileSize": 58580907,
        "LastVerified": "/Date(-62135571600000)/",
        "Id": 564817,
        "Url": "https://irma.nps.gov/DataStore/DownloadFile/564817",
        "HoldingType": 0,
        "ServiceTemplate": null,
        "DisableDownload": false,
        "MimeType": "application/pdf",
        "QueueForServices": false,
        "Accessibility": null,
        "DisplayOrder": 2
    },
    {
        "Description": "High resolution vegetation map; poster",
        "FileManagerId": 313078,
        "WebServiceType": null,
        "FileDescription": "3 nepevegmap_poster.pdf",
        "NeedsToBeQueued": false,
        "FileSize": 8828785,
        "LastVerified": "/Date(-62135571600000)/",
        "Id": 564818,
        "Url": "https://irma.nps.gov/DataStore/DownloadFile/564818",
        "HoldingType": 0,
        "ServiceTemplate": null,
        "DisableDownload": false,
        "MimeType": "application/pdf",
        "QueueForServices": false,
        "Accessibility": null,
        "DisplayOrder": 3
    },
    {
        "Description": "Accuracy Assessment Contingency Table, excel",
        "FileManagerId": 313079,
        "WebServiceType": null,
        "FileDescription": "4 nepe_aamatrix.xls",
        "NeedsToBeQueued": false,
        "FileSize": 55808,
        "LastVerified": "/Date(-62135571600000)/",
        "Id": 564819,
        "Url": "https://irma.nps.gov/DataStore/DownloadFile/564819",
        "HoldingType": 0,
        "ServiceTemplate": null,
        "DisableDownload": false,
        "MimeType": "application/vnd.ms-excel",
        "QueueForServices": false,
        "Accessibility": null,
        "DisplayOrder": 4
    }
]