[
    {
        "Description": null,
        "FileManagerId": 109421,
        "WebServiceType": null,
        "FileDescription": "PINN2_Camper_final_report_nrss.pdf",
        "NeedsToBeQueued": false,
        "FileSize": 1770223,
        "LastVerified": "/Date(-62135571600000)/",
        "Id": 491480,
        "Url": "https://irma.nps.gov/DataStore/DownloadFile/491480",
        "HoldingType": 0,
        "ServiceTemplate": null,
        "DisableDownload": false,
        "MimeType": "application/pdf",
        "QueueForServices": false,
        "Accessibility": null,
        "DisplayOrder": 1
    }
]