[
    {
        "Description": null,
        "FileManagerId": 94591,
        "WebServiceType": null,
        "FileDescription": "Thomas_2013_Natural_resource_condition_assessment_of_Harpers_Ferry_NHP.pdf",
        "NeedsToBeQueued": false,
        "FileSize": 18635360,
        "LastVerified": "/Date(-62135571600000)/",
        "Id": 490165,
        "Url": "https://irma.nps.gov/DataStore/DownloadFile/490165",
        "HoldingType": 0,
        "ServiceTemplate": null,
        "DisableDownload": false,
        "MimeType": "application/pdf",
        "QueueForServices": false,
        "Accessibility": null,
        "DisplayOrder": 1
    }
]