[
    {
        "Description": "Mapping Wilderness Character in Death Valley National Park",
        "FileManagerId": 95147,
        "WebServiceType": null,
        "FileDescription": "DEVA_REPORT_3.28_nrss.pdf",
        "NeedsToBeQueued": false,
        "FileSize": 4140834,
        "LastVerified": "/Date(-62135571600000)/",
        "Id": 447681,
        "Url": "https://irma.nps.gov/DataStore/DownloadFile/447681",
        "HoldingType": 0,
        "ServiceTemplate": null,
        "DisableDownload": false,
        "MimeType": "application/pdf",
        "QueueForServices": false,
        "Accessibility": null,
        "DisplayOrder": 1
    }
]