[
    {
        "Description": null,
        "FileManagerId": 92730,
        "WebServiceType": null,
        "FileDescription": "CSAP2_SER_report_after_reviews_nrss.pdf",
        "NeedsToBeQueued": false,
        "FileSize": 912615,
        "LastVerified": "/Date(-62135571600000)/",
        "Id": 475476,
        "Url": "https://irma.nps.gov/DataStore/DownloadFile/475476",
        "HoldingType": 0,
        "ServiceTemplate": null,
        "DisableDownload": false,
        "MimeType": "application/pdf",
        "QueueForServices": false,
        "Accessibility": null,
        "DisplayOrder": 1
    }
]