[
    {
        "Description": "Northeast Temperate Network Long-term rocky intertidal monitoring protocol: 2014 Revision",
        "FileManagerId": 144480,
        "WebServiceType": null,
        "FileDescription": "Rocky_Intertidal_Protocol_2014-revision_Final.pdf",
        "NeedsToBeQueued": false,
        "FileSize": 7354735,
        "LastVerified": "/Date(-62135571600000)/",
        "Id": 492286,
        "Url": "https://irma.nps.gov/DataStore/DownloadFile/492286",
        "HoldingType": 0,
        "ServiceTemplate": null,
        "DisableDownload": false,
        "MimeType": "application/pdf",
        "QueueForServices": false,
        "Accessibility": null,
        "DisplayOrder": 1
    }
]