[
    {
        "Description": null,
        "FileManagerId": 136025,
        "WebServiceType": null,
        "FileDescription": "CSAP2_NCR_report_after_reviews_nrss.pdf",
        "NeedsToBeQueued": false,
        "FileSize": 913078,
        "LastVerified": "/Date(-62135571600000)/",
        "Id": 475473,
        "Url": "https://irma.nps.gov/DataStore/DownloadFile/475473",
        "HoldingType": 0,
        "ServiceTemplate": null,
        "DisableDownload": false,
        "MimeType": "application/pdf",
        "QueueForServices": false,
        "Accessibility": null,
        "DisplayOrder": 1
    }
]