[
    {
        "Description": null,
        "FileManagerId": 147827,
        "WebServiceType": null,
        "FileDescription": "PINN_Report_final_nrss.pdf",
        "NeedsToBeQueued": false,
        "FileSize": 6715619,
        "LastVerified": "/Date(-62135571600000)/",
        "Id": 494846,
        "Url": "https://irma.nps.gov/DataStore/DownloadFile/494846",
        "HoldingType": 0,
        "ServiceTemplate": null,
        "DisableDownload": false,
        "MimeType": "application/pdf",
        "QueueForServices": false,
        "Accessibility": null,
        "DisplayOrder": 1
    }
]