[
    {
        "Description": null,
        "FileManagerId": 101012,
        "WebServiceType": null,
        "FileDescription": "DEWA-2010-MGM2-final_nrss.pdf",
        "NeedsToBeQueued": false,
        "FileSize": 666882,
        "LastVerified": "/Date(-62135571600000)/",
        "Id": 461572,
        "Url": "https://irma.nps.gov/DataStore/DownloadFile/461572",
        "HoldingType": 0,
        "ServiceTemplate": null,
        "DisableDownload": false,
        "MimeType": "application/pdf",
        "QueueForServices": false,
        "Accessibility": null,
        "DisplayOrder": 1
    }
]