[
    {
        "Description": null,
        "FileManagerId": 70176,
        "WebServiceType": null,
        "FileDescription": "ALPO_NRCA_Nov2013.pdf",
        "NeedsToBeQueued": false,
        "FileSize": 23885100,
        "LastVerified": "/Date(-62135571600000)/",
        "Id": 484854,
        "Url": "https://irma.nps.gov/DataStore/DownloadFile/484854",
        "HoldingType": 0,
        "ServiceTemplate": null,
        "DisableDownload": false,
        "MimeType": "application/pdf",
        "QueueForServices": false,
        "Accessibility": null,
        "DisplayOrder": 1
    }
]