[
    {
        "Description": null,
        "FileManagerId": 90355,
        "WebServiceType": null,
        "FileDescription": "JOTR-2011-MGM2-final_nrss.pdf",
        "NeedsToBeQueued": false,
        "FileSize": 380371,
        "LastVerified": "/Date(-62135571600000)/",
        "Id": 449179,
        "Url": "https://irma.nps.gov/DataStore/DownloadFile/449179",
        "HoldingType": 0,
        "ServiceTemplate": null,
        "DisableDownload": false,
        "MimeType": "application/pdf",
        "QueueForServices": false,
        "Accessibility": null,
        "DisplayOrder": 1
    }
]