[
    {
        "Description": null,
        "FileManagerId": 141017,
        "WebServiceType": null,
        "FileDescription": "SPAR_Report_final_nrss.pdf",
        "NeedsToBeQueued": false,
        "FileSize": 7571499,
        "LastVerified": "/Date(-62135571600000)/",
        "Id": 494847,
        "Url": "https://irma.nps.gov/DataStore/DownloadFile/494847",
        "HoldingType": 0,
        "ServiceTemplate": null,
        "DisableDownload": false,
        "MimeType": "application/pdf",
        "QueueForServices": false,
        "Accessibility": null,
        "DisplayOrder": 1
    }
]