[
    {
        "Description": null,
        "FileManagerId": 79521,
        "WebServiceType": null,
        "FileDescription": "STRI-2013-MGM2-final_nrss.pdf",
        "NeedsToBeQueued": false,
        "FileSize": 253549,
        "LastVerified": "/Date(-62135571600000)/",
        "Id": 494894,
        "Url": "https://irma.nps.gov/DataStore/DownloadFile/494894",
        "HoldingType": 0,
        "ServiceTemplate": null,
        "DisableDownload": false,
        "MimeType": "application/pdf",
        "QueueForServices": false,
        "Accessibility": null,
        "DisplayOrder": 1
    }
]