[
    {
        "Description": "Appendix 11b - Giant Sequoia Literature Review",
        "FileManagerId": 133708,
        "WebServiceType": null,
        "FileDescription": "A11b_Giant_Sequoia_Literature_Review_nrss.pdf",
        "NeedsToBeQueued": false,
        "FileSize": 1689891,
        "LastVerified": "/Date(-62135571600000)/",
        "Id": 474526,
        "Url": "https://irma.nps.gov/DataStore/DownloadFile/474526",
        "HoldingType": 0,
        "ServiceTemplate": null,
        "DisableDownload": false,
        "MimeType": "application/pdf",
        "QueueForServices": false,
        "Accessibility": null,
        "DisplayOrder": 1
    }
]