[
    {
        "Description": "",
        "FileManagerId": 101074,
        "WebServiceType": null,
        "FileDescription": "LIBI_PFC_Riparian_Assessment_Final.pdf",
        "NeedsToBeQueued": false,
        "FileSize": 3191588,
        "LastVerified": "/Date(-62135571600000)/",
        "Id": 481564,
        "Url": "https://irma.nps.gov/DataStore/DownloadFile/481564",
        "HoldingType": 0,
        "ServiceTemplate": null,
        "DisableDownload": false,
        "MimeType": "application/pdf",
        "QueueForServices": false,
        "Accessibility": null,
        "DisplayOrder": 1
    }
]