[
    {
        "Description": null,
        "FileManagerId": 104084,
        "WebServiceType": null,
        "FileDescription": "StarkK_2012_YUCH_NRCA.pdf",
        "NeedsToBeQueued": false,
        "FileSize": 20661407,
        "LastVerified": "/Date(-62135571600000)/",
        "Id": 449180,
        "Url": "https://irma.nps.gov/DataStore/DownloadFile/449180",
        "HoldingType": 0,
        "ServiceTemplate": null,
        "DisableDownload": false,
        "MimeType": "application/pdf",
        "QueueForServices": false,
        "Accessibility": null,
        "DisplayOrder": 1
    }
]