[
    {
        "Description": "Final report",
        "FileManagerId": 77091,
        "WebServiceType": null,
        "FileDescription": "NRR_content_analysis_nrss.pdf",
        "NeedsToBeQueued": false,
        "FileSize": 639571,
        "LastVerified": "/Date(-62135571600000)/",
        "Id": 463760,
        "Url": "https://irma.nps.gov/DataStore/DownloadFile/463760",
        "HoldingType": 0,
        "ServiceTemplate": null,
        "DisableDownload": false,
        "MimeType": "application/pdf",
        "QueueForServices": false,
        "Accessibility": null,
        "DisplayOrder": 1
    }
]