[
    {
        "Description": null,
        "FileManagerId": 89375,
        "WebServiceType": null,
        "FileDescription": "NPSSystemestimates2010_nrss.pdf",
        "NeedsToBeQueued": false,
        "FileSize": 1678443,
        "LastVerified": "/Date(-62135571600000)/",
        "Id": 443433,
        "Url": "https://irma.nps.gov/DataStore/DownloadFile/443433",
        "HoldingType": 0,
        "ServiceTemplate": null,
        "DisableDownload": false,
        "MimeType": "application/pdf",
        "QueueForServices": false,
        "Accessibility": null,
        "DisplayOrder": 1
    }
]