[
    {
        "Description": null,
        "FileManagerId": 139306,
        "WebServiceType": null,
        "FileDescription": "BIBE_final_report_02072014.pdf",
        "NeedsToBeQueued": false,
        "FileSize": 82337685,
        "LastVerified": "/Date(-62135571600000)/",
        "Id": 494175,
        "Url": "https://irma.nps.gov/DataStore/DownloadFile/494175",
        "HoldingType": 0,
        "ServiceTemplate": null,
        "DisableDownload": false,
        "MimeType": "application/pdf",
        "QueueForServices": false,
        "Accessibility": null,
        "DisplayOrder": 1
    }
]