[
    {
        "Description": "Protocol for monitoring vocal anuran communities in Southeast Coast Network parks",
        "FileManagerId": 104757,
        "WebServiceType": null,
        "FileDescription": "Byrne_2013_Protocol_For_Monitoing_SECN_Vocal_Anurans_Final.pdf",
        "NeedsToBeQueued": false,
        "FileSize": 6931984,
        "LastVerified": "/Date(-62135571600000)/",
        "Id": 483978,
        "Url": "https://irma.nps.gov/DataStore/DownloadFile/483978",
        "HoldingType": 0,
        "ServiceTemplate": null,
        "DisableDownload": false,
        "MimeType": "application/pdf",
        "QueueForServices": false,
        "Accessibility": null,
        "DisplayOrder": 1
    },
    {
        "Description": "Resource Brief / Program Summary",
        "FileManagerId": 128624,
        "WebServiceType": null,
        "FileDescription": "Amphibian_Monitoirng_Program_Summary.pdf",
        "NeedsToBeQueued": false,
        "FileSize": 1401464,
        "LastVerified": "/Date(-62135571600000)/",
        "Id": 489070,
        "Url": "https://irma.nps.gov/DataStore/DownloadFile/489070",
        "HoldingType": 0,
        "ServiceTemplate": null,
        "DisableDownload": false,
        "MimeType": "application/pdf",
        "QueueForServices": false,
        "Accessibility": null,
        "DisplayOrder": 2
    },
    {
        "Description": "Standard Operating Procedures",
        "FileManagerId": null,
        "WebServiceType": null,
        "FileDescription": null,
        "NeedsToBeQueued": false,
        "FileSize": 0,
        "LastVerified": "/Date(1382940000000)/",
        "Id": 483979,
        "Url": "https://irma.nps.gov/App/Reference/Search?SearchType=N&collectionId=581",
        "HoldingType": 1,
        "ServiceTemplate": null,
        "DisableDownload": false,
        "MimeType": null,
        "QueueForServices": false,
        "Accessibility": null,
        "DisplayOrder": 3
    }
]