[
    {
        "Description": null,
        "FileManagerId": 109710,
        "WebServiceType": null,
        "FileDescription": "SEKI-2012-MGM2-final_nrss.pdf",
        "NeedsToBeQueued": false,
        "FileSize": 417982,
        "LastVerified": "/Date(-62135571600000)/",
        "Id": 485240,
        "Url": "https://irma.nps.gov/DataStore/DownloadFile/485240",
        "HoldingType": 0,
        "ServiceTemplate": null,
        "DisableDownload": false,
        "MimeType": "application/pdf",
        "QueueForServices": false,
        "Accessibility": null,
        "DisplayOrder": 1
    }
]