[
    {
        "Description": null,
        "FileManagerId": 146967,
        "WebServiceType": null,
        "FileDescription": "BISO_Report_final_nrss.pdf",
        "NeedsToBeQueued": false,
        "FileSize": 3456498,
        "LastVerified": "/Date(-62135571600000)/",
        "Id": 474840,
        "Url": "https://irma.nps.gov/DataStore/DownloadFile/474840",
        "HoldingType": 0,
        "ServiceTemplate": null,
        "DisableDownload": false,
        "MimeType": "application/pdf",
        "QueueForServices": false,
        "Accessibility": null,
        "DisplayOrder": 1
    }
]