[
    {
        "Description": null,
        "FileManagerId": 128091,
        "WebServiceType": null,
        "FileDescription": "WHSA_Report_Final_nrss.pdf",
        "NeedsToBeQueued": false,
        "FileSize": 4440417,
        "LastVerified": "/Date(-62135571600000)/",
        "Id": 467305,
        "Url": "https://irma.nps.gov/DataStore/DownloadFile/467305",
        "HoldingType": 0,
        "ServiceTemplate": null,
        "DisableDownload": false,
        "MimeType": "application/pdf",
        "QueueForServices": false,
        "Accessibility": null,
        "DisplayOrder": 1
    }
]