[
    {
        "Description": null,
        "FileManagerId": 103343,
        "WebServiceType": null,
        "FileDescription": "PINN-2013-MGM2_final.pdf",
        "NeedsToBeQueued": false,
        "FileSize": 277510,
        "LastVerified": "/Date(-62135571600000)/",
        "Id": 496268,
        "Url": "https://irma.nps.gov/DataStore/DownloadFile/496268",
        "HoldingType": 0,
        "ServiceTemplate": null,
        "DisableDownload": false,
        "MimeType": "application/pdf",
        "QueueForServices": false,
        "Accessibility": null,
        "DisplayOrder": 1
    }
]