[
    {
        "Description": null,
        "FileManagerId": 103487,
        "WebServiceType": null,
        "FileDescription": "GRTE_NRCA_NRR_nrss.pdf",
        "NeedsToBeQueued": false,
        "FileSize": 18627394,
        "LastVerified": "/Date(-62135571600000)/",
        "Id": 451150,
        "Url": "https://irma.nps.gov/DataStore/DownloadFile/451150",
        "HoldingType": 0,
        "ServiceTemplate": null,
        "DisableDownload": false,
        "MimeType": "application/pdf",
        "QueueForServices": false,
        "Accessibility": null,
        "DisplayOrder": 1
    }
]