[
    {
        "Description": "Northeast Temperate Network Breeding Landbird Monitoring Protocol: 2011 Revision",
        "FileManagerId": 139728,
        "WebServiceType": null,
        "FileDescription": "NETN_Landbird_Protocol_2011_Update_FINAL.pdf",
        "NeedsToBeQueued": false,
        "FileSize": 13854955,
        "LastVerified": "/Date(-62135571600000)/",
        "Id": 492717,
        "Url": "https://irma.nps.gov/DataStore/DownloadFile/492717",
        "HoldingType": 0,
        "ServiceTemplate": null,
        "DisableDownload": false,
        "MimeType": "application/pdf",
        "QueueForServices": false,
        "Accessibility": null,
        "DisplayOrder": 1
    }
]