[
    {
        "Description": null,
        "FileManagerId": 148297,
        "WebServiceType": null,
        "FileDescription": "BIHO_rept_nrss_final.pdf",
        "NeedsToBeQueued": false,
        "FileSize": 5404141,
        "LastVerified": "/Date(-62135571600000)/",
        "Id": 496572,
        "Url": "https://irma.nps.gov/DataStore/DownloadFile/496572",
        "HoldingType": 0,
        "ServiceTemplate": null,
        "DisableDownload": false,
        "MimeType": "application/pdf",
        "QueueForServices": false,
        "Accessibility": null,
        "DisplayOrder": 1
    }
]