[
    {
        "Description": null,
        "FileManagerId": 115926,
        "WebServiceType": null,
        "FileDescription": "StarkK_2012_SITK_NRCA.pdf",
        "NeedsToBeQueued": false,
        "FileSize": 20521795,
        "LastVerified": "/Date(-62135571600000)/",
        "Id": 453412,
        "Url": "https://irma.nps.gov/DataStore/DownloadFile/453412",
        "HoldingType": 0,
        "ServiceTemplate": null,
        "DisableDownload": false,
        "MimeType": "application/pdf",
        "QueueForServices": false,
        "Accessibility": null,
        "DisplayOrder": 1
    }
]