[
    {
        "Description": "Final Report",
        "FileManagerId": 106687,
        "WebServiceType": null,
        "FileDescription": "grkorpt.pdf",
        "NeedsToBeQueued": false,
        "FileSize": 7836005,
        "LastVerified": "/Date(-62135571600000)/",
        "Id": 476655,
        "Url": "https://irma.nps.gov/DataStore/DownloadFile/476655",
        "HoldingType": 0,
        "ServiceTemplate": null,
        "DisableDownload": false,
        "MimeType": "application/pdf",
        "QueueForServices": false,
        "Accessibility": null,
        "DisplayOrder": 1
    }
]