[
    {
        "Description": null,
        "FileManagerId": 96465,
        "WebServiceType": null,
        "FileDescription": "250_YELL_Final_Report_nrss.pdf",
        "NeedsToBeQueued": false,
        "FileSize": 2448830,
        "LastVerified": "/Date(-62135571600000)/",
        "Id": 453050,
        "Url": "https://irma.nps.gov/DataStore/DownloadFile/453050",
        "HoldingType": 0,
        "ServiceTemplate": null,
        "DisableDownload": false,
        "MimeType": "application/pdf",
        "QueueForServices": false,
        "Accessibility": null,
        "DisplayOrder": 1
    }
]