[
    {
        "Description": "Final report",
        "FileManagerId": 143254,
        "WebServiceType": null,
        "FileDescription": "NR__GWS_Workshop_nrss.pdf",
        "NeedsToBeQueued": false,
        "FileSize": 460480,
        "LastVerified": "/Date(-62135571600000)/",
        "Id": 463995,
        "Url": "https://irma.nps.gov/DataStore/DownloadFile/463995",
        "HoldingType": 0,
        "ServiceTemplate": null,
        "DisableDownload": false,
        "MimeType": "application/pdf",
        "QueueForServices": false,
        "Accessibility": null,
        "DisplayOrder": 1
    }
]