{
    "NewestVersion": null,
    "Description": "In 2008 the Biological Resource Management Division of the National Park Service (NPS) launched a multi-faceted inquiry to inform management of human-wildlife habituation across the National Park system. As part of the inquiry, a habituation-themed workshop was conducted with park and protected area researchers, managers, and staff at the George Weight Society conference in 2009. The goal of the workshop was to advance understanding of habituation and identify and prioritize the most urgent management needs related to human‐wildlife habituation in protected areas.\n\n\nThe workshop began with a presentation about habituation and the role it plays in human-wildlife interactions in national parks. This was followed by a panel discussion with audience participation. After a brief narrative from each panelist, a moderator presented a series of questions to guide the discussion. Audience members were encouraged to participate in the discussion and to offer input addressing habituation-related management issues.\nThe input from panelists and audience members emphasized the difficulty associated with distinguishing between habituation and food conditioning in an applied context. Nevertheless, participants expressed a desire to articulate these nuances in the hopes of shifting management of human-wildlife interactions in parks from a reactive, conflict-oriented perspective to a more proactive one. The consensus among participants was that coordination and collaboration among park divisions and other affected parties was of upmost importance when considering management and decision-making related to habituation. Participants identified the need for more research-based information related to habituation to facilitate such efforts.",
    "MasterId": null,
    "CanHaveProjectAndSiblings": true,
    "RelatedCaption": "Related Published Report Section",
    "TypeId": "PublishedReport",
    "CrossRefCount": 0,
    "Downloadability": "Public",
    "TypeName": "Published Report",
    "LinkedResourceCount": 1,
    "ReferenceId": 2193105,
    "Visibility": "Public",
    "OriginatingPrpCount": 0,
    "CanBeVersioned": true,
    "CanHaveChildren": true,
    "RefVersionsCount": 0,
    "RelatedCount": 0,
    "SelfFieldInfoInternal": [
        {
            "Required": false,
            "Name": "ContentBeginDate",
            "DisplayName": "Content Begin Date",
            "ContactType": null
        },
        {
            "Required": false,
            "Name": "ContentEndDate",
            "DisplayName": "Content End Date",
            "ContactType": null
        },
        {
            "Required": false,
            "Name": "DateOfIssue",
            "DisplayName": "Date Published",
            "ContactType": null
        },
        {
            "Required": false,
            "Name": "Description",
            "DisplayName": "Description",
            "ContactType": null
        },
        {
            "Required": false,
            "Name": "Edition",
            "DisplayName": "Edition",
            "ContactType": null
        },
        {
            "Required": false,
            "Name": "Location",
            "DisplayName": "Place Published",
            "ContactType": null
        },
        {
            "Required": false,
            "Name": "MiscCode",
            "DisplayName": "Report Number/ID",
            "ContactType": null
        },
        {
            "Required": false,
            "Name": "Notes",
            "DisplayName": "Notes",
            "ContactType": null
        },
        {
            "Required": false,
            "Name": "Publisher",
            "DisplayName": "Publisher",
            "ContactType": null
        },
        {
            "Required": false,
            "Name": "Size1",
            "DisplayName": "Number of Pages",
            "ContactType": null
        },
        {
            "Required": false,
            "Name": "TableOfContents",
            "DisplayName": "Table of Contents",
            "ContactType": null
        },
        {
            "Required": true,
            "Name": "Title",
            "DisplayName": "Title",
            "ContactType": null
        },
        {
            "Required": false,
            "Name": "Contacts1",
            "DisplayName": "Author(s)",
            "ContactType": "Mixed"
        },
        {
            "Required": false,
            "Name": "Contacts2",
            "DisplayName": "Editor(s)",
            "ContactType": "Mixed"
        }
    ],
    "IsReadOnly": false,
    "Title": "Perspectives on the management of human-wildlife habituation: Report from a workshop at the George Wright Society Conference, Portland, OR, March 3, 2009",
    "DisableFilesLinksTab": false,
    "ParentFieldInfoInternal": [
        {
            "Required": false,
            "Name": "Publisher",
            "DisplayName": "Publisher",
            "ContactType": null
        },
        {
            "Required": true,
            "Name": "Title",
            "DisplayName": "Title",
            "ContactType": null
        }
    ],
    "CanHaveProducts": false,
    "ProductsCount": 0,
    "HasOriginationFlag": true,
    "DisplayCitation": "Hudenko HW and Decker DJ. 2013. Perspectives on the management of human-wildlife habituation: Report from a workshop at the George Wright Society Conference, Portland, OR, March 3, 2009. Natural Resource Report. NPS/BRMD/NRR—2013/630. National Park Service. Fort Collins, Colorado",
    "Lifecycle": "",
    "CanUserViewGrandparent": true,
    "CanUserViewParent": true
}