[
    {
        "Description": null,
        "FileManagerId": 71925,
        "WebServiceType": null,
        "FileDescription": "Thomas_2013_Natural_resource_condition_assessment_of_Catoctin_Mountain_Park.pdf",
        "NeedsToBeQueued": false,
        "FileSize": 30902671,
        "LastVerified": "/Date(-62135571600000)/",
        "Id": 490164,
        "Url": "https://irma.nps.gov/DataStore/DownloadFile/490164",
        "HoldingType": 0,
        "ServiceTemplate": null,
        "DisableDownload": false,
        "MimeType": "application/pdf",
        "QueueForServices": false,
        "Accessibility": null,
        "DisplayOrder": 1
    }
]