[
    {
        "Description": null,
        "FileManagerId": 117654,
        "WebServiceType": null,
        "FileDescription": "GWMP_NRSS_final_rept.pdf",
        "NeedsToBeQueued": false,
        "FileSize": 4727992,
        "LastVerified": "/Date(-62135571600000)/",
        "Id": 510029,
        "Url": "https://irma.nps.gov/DataStore/DownloadFile/510029",
        "HoldingType": 0,
        "ServiceTemplate": null,
        "DisableDownload": false,
        "MimeType": "application/pdf",
        "QueueForServices": false,
        "Accessibility": null,
        "DisplayOrder": 1
    }
]