[
    {
        "Description": null,
        "FileManagerId": 74172,
        "WebServiceType": null,
        "FileDescription": "20130709_Corr_Inv_Protocol_nrss.pdf",
        "NeedsToBeQueued": false,
        "FileSize": 10006986,
        "LastVerified": "/Date(-62135571600000)/",
        "Id": 472357,
        "Url": "https://irma.nps.gov/DataStore/DownloadFile/472357",
        "HoldingType": 0,
        "ServiceTemplate": null,
        "DisableDownload": false,
        "MimeType": "application/pdf",
        "QueueForServices": false,
        "Accessibility": null,
        "DisplayOrder": 1
    }
]