[
    {
        "Description": "Forest health monitoring in the Northeast Temperate Network: 2012 summary report",
        "FileManagerId": 129735,
        "WebServiceType": null,
        "FileDescription": "2012_forest_report_final.pdf",
        "NeedsToBeQueued": false,
        "FileSize": 1141881,
        "LastVerified": "/Date(-62135571600000)/",
        "Id": 473212,
        "Url": "https://irma.nps.gov/DataStore/DownloadFile/473212",
        "HoldingType": 0,
        "ServiceTemplate": null,
        "DisableDownload": false,
        "MimeType": "application/pdf",
        "QueueForServices": false,
        "Accessibility": null,
        "DisplayOrder": 1
    }
]