{
    "NewestVersion": null,
    "Description": "The 2012 field season marked the Northeast Temperate Network (NETN) Inventory and Monitoring Program’s third year of repeat sampling in forest monitoring plots, and now three quarters of all forest plots have been sampled twice. This report contains an ecological integrity scorecard for the following parks that were sampled in 2012: Acadia National Park (ACAD), Marsh-Billings-Rockefeller National Historical Park (MABI), Minute Man National Historical Park (MIMA), Saint-Gaudens National Historic Site (SAGA), and Saratoga National Historical Park (SARA). A second section compares forest metrics for all of the NETN parks with U.S. Forest Service Forest Inventory and Analysis (FIA) plots located in the same ecological subsection of each park.",
    "MasterId": null,
    "CanHaveProjectAndSiblings": true,
    "RelatedCaption": "Related Published Report Section",
    "TypeId": "PublishedReport",
    "CrossRefCount": 0,
    "Downloadability": "Public",
    "TypeName": "Published Report",
    "LinkedResourceCount": 1,
    "ReferenceId": 2196848,
    "Visibility": "Public",
    "OriginatingPrpCount": 8,
    "CanBeVersioned": true,
    "CanHaveChildren": true,
    "RefVersionsCount": 0,
    "RelatedCount": 0,
    "SelfFieldInfoInternal": [
        {
            "Required": false,
            "Name": "ContentBeginDate",
            "DisplayName": "Content Begin Date",
            "ContactType": null
        },
        {
            "Required": false,
            "Name": "ContentEndDate",
            "DisplayName": "Content End Date",
            "ContactType": null
        },
        {
            "Required": false,
            "Name": "DateOfIssue",
            "DisplayName": "Date Published",
            "ContactType": null
        },
        {
            "Required": false,
            "Name": "Description",
            "DisplayName": "Description",
            "ContactType": null
        },
        {
            "Required": false,
            "Name": "Edition",
            "DisplayName": "Edition",
            "ContactType": null
        },
        {
            "Required": false,
            "Name": "Location",
            "DisplayName": "Place Published",
            "ContactType": null
        },
        {
            "Required": false,
            "Name": "MiscCode",
            "DisplayName": "Report Number/ID",
            "ContactType": null
        },
        {
            "Required": false,
            "Name": "Notes",
            "DisplayName": "Notes",
            "ContactType": null
        },
        {
            "Required": false,
            "Name": "Publisher",
            "DisplayName": "Publisher",
            "ContactType": null
        },
        {
            "Required": false,
            "Name": "Size1",
            "DisplayName": "Number of Pages",
            "ContactType": null
        },
        {
            "Required": false,
            "Name": "TableOfContents",
            "DisplayName": "Table of Contents",
            "ContactType": null
        },
        {
            "Required": true,
            "Name": "Title",
            "DisplayName": "Title",
            "ContactType": null
        },
        {
            "Required": false,
            "Name": "Contacts1",
            "DisplayName": "Author(s)",
            "ContactType": "Mixed"
        },
        {
            "Required": false,
            "Name": "Contacts2",
            "DisplayName": "Editor(s)",
            "ContactType": "Mixed"
        }
    ],
    "IsReadOnly": false,
    "Title": "Forest health monitoring in the Northeast Temperate Network: 2012 summary report",
    "DisableFilesLinksTab": false,
    "ParentFieldInfoInternal": [
        {
            "Required": false,
            "Name": "Publisher",
            "DisplayName": "Publisher",
            "ContactType": null
        },
        {
            "Required": true,
            "Name": "Title",
            "DisplayName": "Title",
            "ContactType": null
        }
    ],
    "CanHaveProducts": false,
    "ProductsCount": 0,
    "HasOriginationFlag": true,
    "DisplayCitation": "Miller KM and Others. 2013. Forest health monitoring in the Northeast Temperate Network: 2012 summary report. Natural Resource Report. NPS/NETN/NRR—2013/678. National Park Service. Fort Collins, Colorado",
    "Lifecycle": "",
    "CanUserViewGrandparent": true,
    "CanUserViewParent": true
}