[
    {
        "Description": "Water Quality Vital Signs Monitoring Protocol for PACN - Appendixes: Version 1.0",
        "FileManagerId": 111316,
        "WebServiceType": null,
        "FileDescription": "2011_PACN_water_quality_protocol_appendixes.pdf",
        "NeedsToBeQueued": false,
        "FileSize": 5244851,
        "LastVerified": "/Date(-62135571600000)/",
        "Id": 430116,
        "Url": "https://irma.nps.gov/DataStore/DownloadFile/430116",
        "HoldingType": 0,
        "ServiceTemplate": null,
        "DisableDownload": false,
        "MimeType": "application/pdf",
        "QueueForServices": false,
        "Accessibility": null,
        "DisplayOrder": 1
    }
]