[
    {
        "Description": "Reduced size pdf (12 MB)",
        "FileManagerId": 121487,
        "WebServiceType": null,
        "FileDescription": "WABA_NRR_NRCA_Final_small.pdf",
        "NeedsToBeQueued": false,
        "FileSize": 12852046,
        "LastVerified": "/Date(-62135571600000)/",
        "Id": 488616,
        "Url": "https://irma.nps.gov/DataStore/DownloadFile/488616",
        "HoldingType": 0,
        "ServiceTemplate": null,
        "DisableDownload": false,
        "MimeType": "application/pdf",
        "QueueForServices": false,
        "Accessibility": null,
        "DisplayOrder": 1
    },
    {
        "Description": "Full size pdf (73 MB)",
        "FileManagerId": 110390,
        "WebServiceType": null,
        "FileDescription": "WABA_NRR_NRCA_Final.pdf",
        "NeedsToBeQueued": false,
        "FileSize": 78830575,
        "LastVerified": "/Date(-62135571600000)/",
        "Id": 488618,
        "Url": "https://irma.nps.gov/DataStore/DownloadFile/488618",
        "HoldingType": 0,
        "ServiceTemplate": null,
        "DisableDownload": false,
        "MimeType": "application/pdf",
        "QueueForServices": false,
        "Accessibility": null,
        "DisplayOrder": 2
    }
]