[
    {
        "Description": null,
        "FileManagerId": 134736,
        "WebServiceType": null,
        "FileDescription": "ROMO-2010-MGM2-final_nrss.pdf",
        "NeedsToBeQueued": false,
        "FileSize": 610547,
        "LastVerified": "/Date(-62135571600000)/",
        "Id": 449177,
        "Url": "https://irma.nps.gov/DataStore/DownloadFile/449177",
        "HoldingType": 0,
        "ServiceTemplate": null,
        "DisableDownload": false,
        "MimeType": "application/pdf",
        "QueueForServices": false,
        "Accessibility": null,
        "DisplayOrder": 1
    }
]