[
    {
        "Description": "The monitoring protocol narrative includes background information, objectives, sample design, field methods, and data management, analysis, and reporting. Operating procedures are in a separate file.",
        "FileManagerId": 106064,
        "WebServiceType": null,
        "FileDescription": "NPS_GRYN_AmphibianMonitoringProtocolNarrative_Version1_NRR_2013_654.pdf",
        "NeedsToBeQueued": false,
        "FileSize": 16834485,
        "LastVerified": "/Date(-62135571600000)/",
        "Id": 468388,
        "Url": "https://irma.nps.gov/DataStore/DownloadFile/468388",
        "HoldingType": 0,
        "ServiceTemplate": null,
        "DisableDownload": false,
        "MimeType": "application/pdf",
        "QueueForServices": false,
        "Accessibility": null,
        "DisplayOrder": 1
    },
    {
        "Description": "The operating procedures provide instructions on how to execute the monitoring protocol. The protocol narrative is in a separate file.",
        "FileManagerId": 74539,
        "WebServiceType": null,
        "FileDescription": "NPS_GRYN_AmphibianMonitoringProtocolOperatingProcedures_Version1_NRR_2013_655.pdf",
        "NeedsToBeQueued": false,
        "FileSize": 3044842,
        "LastVerified": "/Date(-62135571600000)/",
        "Id": 468389,
        "Url": "https://irma.nps.gov/DataStore/DownloadFile/468389",
        "HoldingType": 0,
        "ServiceTemplate": null,
        "DisableDownload": false,
        "MimeType": "application/pdf",
        "QueueForServices": false,
        "Accessibility": null,
        "DisplayOrder": 2
    }
]