[
    {
        "Description": null,
        "FileManagerId": 131318,
        "WebServiceType": null,
        "FileDescription": "OBRI_Report_final_7-10-13_nrss.pdf",
        "NeedsToBeQueued": false,
        "FileSize": 3222390,
        "LastVerified": "/Date(-62135571600000)/",
        "Id": 475921,
        "Url": "https://irma.nps.gov/DataStore/DownloadFile/475921",
        "HoldingType": 0,
        "ServiceTemplate": null,
        "DisableDownload": false,
        "MimeType": "application/pdf",
        "QueueForServices": false,
        "Accessibility": null,
        "DisplayOrder": 1
    }
]