[
    {
        "Description": null,
        "FileManagerId": 111143,
        "WebServiceType": null,
        "FileDescription": "BOHA_Report_final_nrss.pdf",
        "NeedsToBeQueued": false,
        "FileSize": 4837371,
        "LastVerified": "/Date(-62135571600000)/",
        "Id": 485243,
        "Url": "https://irma.nps.gov/DataStore/DownloadFile/485243",
        "HoldingType": 0,
        "ServiceTemplate": null,
        "DisableDownload": false,
        "MimeType": "application/pdf",
        "QueueForServices": false,
        "Accessibility": null,
        "DisplayOrder": 1
    }
]