[
    {
        "Description": "Standard Operating Practices for the Use of Fintrol (Antimycin A) for Restoration of Native Fish Populations",
        "FileManagerId": 125466,
        "WebServiceType": null,
        "FileDescription": "Fintrol_2012_camera_ready_ace_for_pub_review_nrss.pdf",
        "NeedsToBeQueued": false,
        "FileSize": 3912216,
        "LastVerified": "/Date(-62135571600000)/",
        "Id": 460337,
        "Url": "https://irma.nps.gov/DataStore/DownloadFile/460337",
        "HoldingType": 0,
        "ServiceTemplate": null,
        "DisableDownload": false,
        "MimeType": "application/pdf",
        "QueueForServices": false,
        "Accessibility": null,
        "DisplayOrder": 1
    }
]