[
    {
        "Description": null,
        "FileManagerId": 74505,
        "WebServiceType": null,
        "FileDescription": "GLKN_Communications_Plan_2014-2018_nrss.pdf",
        "NeedsToBeQueued": false,
        "FileSize": 742181,
        "LastVerified": "/Date(-62135571600000)/",
        "Id": 486058,
        "Url": "https://irma.nps.gov/DataStore/DownloadFile/486058",
        "HoldingType": 0,
        "ServiceTemplate": null,
        "DisableDownload": false,
        "MimeType": "application/pdf",
        "QueueForServices": false,
        "Accessibility": null,
        "DisplayOrder": 1
    }
]