[
    {
        "Description": null,
        "FileManagerId": 79346,
        "WebServiceType": null,
        "FileDescription": "GLKN_Vegetation_Protocol_2.0.pdf",
        "NeedsToBeQueued": false,
        "FileSize": 4450249,
        "LastVerified": "/Date(-62135571600000)/",
        "Id": 493683,
        "Url": "https://irma.nps.gov/DataStore/DownloadFile/493683",
        "HoldingType": 0,
        "ServiceTemplate": null,
        "DisableDownload": false,
        "MimeType": "application/pdf",
        "QueueForServices": false,
        "Accessibility": null,
        "DisplayOrder": 1
    }
]