[
    {
        "Description": null,
        "FileManagerId": 141224,
        "WebServiceType": null,
        "FileDescription": "STEA-2012-MGM2_final_nrss.pdf",
        "NeedsToBeQueued": false,
        "FileSize": 354313,
        "LastVerified": "/Date(-62135571600000)/",
        "Id": 485230,
        "Url": "https://irma.nps.gov/DataStore/DownloadFile/485230",
        "HoldingType": 0,
        "ServiceTemplate": null,
        "DisableDownload": false,
        "MimeType": "application/pdf",
        "QueueForServices": false,
        "Accessibility": null,
        "DisplayOrder": 1
    }
]