[
    {
        "Description": "FOFR Vegetation Mapping Project Report",
        "FileManagerId": 91372,
        "WebServiceType": null,
        "FileDescription": "FOFR_Vegetation_Mapping_2013_McManamay.pdf",
        "NeedsToBeQueued": false,
        "FileSize": 5254843,
        "LastVerified": "/Date(-62135571600000)/",
        "Id": 473883,
        "Url": "https://irma.nps.gov/DataStore/DownloadFile/473883",
        "HoldingType": 0,
        "ServiceTemplate": null,
        "DisableDownload": false,
        "MimeType": "application/pdf",
        "QueueForServices": false,
        "Accessibility": null,
        "DisplayOrder": 1
    },
    {
        "Description": "Resource Brief",
        "FileManagerId": 115611,
        "WebServiceType": null,
        "FileDescription": "FOFR_VegMapping_ResourceBrief.pdf",
        "NeedsToBeQueued": false,
        "FileSize": 143514,
        "LastVerified": "/Date(-62135571600000)/",
        "Id": 473887,
        "Url": "https://irma.nps.gov/DataStore/DownloadFile/473887",
        "HoldingType": 0,
        "ServiceTemplate": null,
        "DisableDownload": false,
        "MimeType": "application/pdf",
        "QueueForServices": false,
        "Accessibility": null,
        "DisplayOrder": 2
    }
]