[
    {
        "Description": null,
        "FileManagerId": 70665,
        "WebServiceType": null,
        "FileDescription": "MORA_MGM2_Report_final_nrss.pdf",
        "NeedsToBeQueued": false,
        "FileSize": 335040,
        "LastVerified": "/Date(-62135571600000)/",
        "Id": 488485,
        "Url": "https://irma.nps.gov/DataStore/DownloadFile/488485",
        "HoldingType": 0,
        "ServiceTemplate": null,
        "DisableDownload": false,
        "MimeType": "application/pdf",
        "QueueForServices": false,
        "Accessibility": null,
        "DisplayOrder": 1
    }
]