[
    {
        "Description": null,
        "FileManagerId": 111660,
        "WebServiceType": null,
        "FileDescription": "MORU_Report_final_nrss.pdf",
        "NeedsToBeQueued": false,
        "FileSize": 4540962,
        "LastVerified": "/Date(-62135571600000)/",
        "Id": 494844,
        "Url": "https://irma.nps.gov/DataStore/DownloadFile/494844",
        "HoldingType": 0,
        "ServiceTemplate": null,
        "DisableDownload": false,
        "MimeType": "application/pdf",
        "QueueForServices": false,
        "Accessibility": null,
        "DisplayOrder": 1
    }
]