[
    {
        "Description": null,
        "FileManagerId": 118388,
        "WebServiceType": null,
        "FileDescription": "CUIS2_Final_Report_07-09-13_nrss.pdf",
        "NeedsToBeQueued": false,
        "FileSize": 17585771,
        "LastVerified": "/Date(-62135571600000)/",
        "Id": 481573,
        "Url": "https://irma.nps.gov/DataStore/DownloadFile/481573",
        "HoldingType": 0,
        "ServiceTemplate": null,
        "DisableDownload": false,
        "MimeType": "application/pdf",
        "QueueForServices": false,
        "Accessibility": null,
        "DisplayOrder": 1
    }
]