[
    {
        "Description": "Groundwater Monitoring Protocol and SOPs - SODN, CHDN, SOPN",
        "FileManagerId": 126774,
        "WebServiceType": null,
        "FileDescription": "GroundwaterProtocol_NRR2014787_VK1_2208974.pdf",
        "NeedsToBeQueued": false,
        "FileSize": 21623692,
        "LastVerified": "/Date(-62135571600000)/",
        "Id": 493379,
        "Url": "https://irma.nps.gov/DataStore/DownloadFile/493379",
        "HoldingType": 0,
        "ServiceTemplate": null,
        "DisableDownload": false,
        "MimeType": "application/pdf",
        "QueueForServices": false,
        "Accessibility": null,
        "DisplayOrder": 1
    }
]