[
    {
        "Description": "Congaree NP 2010-2012 Visitor Study Final Report",
        "FileManagerId": 107852,
        "WebServiceType": null,
        "FileDescription": "244.5_CONG_combined_final_report_nrss.pdf",
        "NeedsToBeQueued": false,
        "FileSize": 4631066,
        "LastVerified": "/Date(-62135571600000)/",
        "Id": 465528,
        "Url": "https://irma.nps.gov/DataStore/DownloadFile/465528",
        "HoldingType": 0,
        "ServiceTemplate": null,
        "DisableDownload": false,
        "MimeType": "application/pdf",
        "QueueForServices": false,
        "Accessibility": null,
        "DisplayOrder": 1
    }
]