[
    {
        "Description": "GIS Metrics - Soundscape Modeling Standard Operating Procedure - Version 1.0",
        "FileManagerId": 73347,
        "WebServiceType": null,
        "FileDescription": "GISMetricsSoundscapeModelingSOP_nrss.pdf",
        "NeedsToBeQueued": false,
        "FileSize": 1021692,
        "LastVerified": "/Date(-62135571600000)/",
        "Id": 460450,
        "Url": "https://irma.nps.gov/DataStore/DownloadFile/460450",
        "HoldingType": 0,
        "ServiceTemplate": null,
        "DisableDownload": false,
        "MimeType": "application/pdf",
        "QueueForServices": false,
        "Accessibility": null,
        "DisplayOrder": 1
    },
    {
        "Description": "Soundscape Modeling GIS Database Version 1.0",
        "FileManagerId": 103316,
        "WebServiceType": null,
        "FileDescription": "SoundscapeModelingGISDatabaseVersion1.0.accdb",
        "NeedsToBeQueued": false,
        "FileSize": 3772416,
        "LastVerified": "/Date(-62135571600000)/",
        "Id": 460452,
        "Url": "https://irma.nps.gov/DataStore/DownloadFile/460452",
        "HoldingType": 0,
        "ServiceTemplate": null,
        "DisableDownload": false,
        "MimeType": "application/x-msaccess",
        "QueueForServices": false,
        "Accessibility": null,
        "DisplayOrder": 2
    },
    {
        "Description": "GIS Metrics Soundscape Modeling Python Scripts",
        "FileManagerId": 92066,
        "WebServiceType": null,
        "FileDescription": "GIS_Metrics_Soundscape_Modeling_Scripts.zip",
        "NeedsToBeQueued": false,
        "FileSize": 67835,
        "LastVerified": "/Date(-62135571600000)/",
        "Id": 460453,
        "Url": "https://irma.nps.gov/DataStore/DownloadFile/460453",
        "HoldingType": 0,
        "ServiceTemplate": null,
        "DisableDownload": false,
        "MimeType": "application/zip",
        "QueueForServices": false,
        "Accessibility": null,
        "DisplayOrder": 3
    }
]