{
    "NewestVersion": 2193723,
    "Description": "This SOP documents the process that was followed to create GIS based metrics, which have been selected as potential explanatory variable for soundscape modeling efforts.  In addition to the SOP the Soundscape Modeling GIS Database and Python processing scripts are available for download from this reference. \n These explanatory metrics attempt to measure the complex biological, geophysical and anthropogenic sources and interactions which constitute a soundscape (Pijanowski et al. 2011-1, Mennitt et. al. In prep) across national parks and their surrounding landscapes.  More specifically, the derived metrics from the Soundscape Modeling Geospatial Database (SMGB) have been used as training data in random forest (Breiman, L. 2001) soundscape models.  Modeling efforts have been performed by the Natural Sounds Night Skies division of the Natural Resource Stewardship and Science (NRSS) directorate of the NPS.   Using the GIS metrics that were identified as significant in the training models, predictive ambient sound pressure soundscape models have been created at park units and surrounding NPS landscapes (Mennitt et. al. In prep).\nIn brief, this SOP provides specific information about data sources, the Python scripts utilized, and how metrics were calculated for subsequent compilation in the SMGD.  In addition to documentation of workflow steps, this SOP is intended to facilitate efficient calculation of explanatory variables for sites were ongoing soundscape monitoring data are being collected.",
    "MasterId": null,
    "CanHaveProjectAndSiblings": true,
    "RelatedCaption": "Related Published Report Section",
    "TypeId": "PublishedReport",
    "CrossRefCount": 0,
    "Downloadability": "Public",
    "TypeName": "Published Report",
    "LinkedResourceCount": 3,
    "ReferenceId": 2191476,
    "Visibility": "Public",
    "OriginatingPrpCount": 0,
    "CanBeVersioned": true,
    "CanHaveChildren": true,
    "RefVersionsCount": 2,
    "RelatedCount": 0,
    "SelfFieldInfoInternal": [
        {
            "Required": false,
            "Name": "ContentBeginDate",
            "DisplayName": "Content Begin Date",
            "ContactType": null
        },
        {
            "Required": false,
            "Name": "ContentEndDate",
            "DisplayName": "Content End Date",
            "ContactType": null
        },
        {
            "Required": false,
            "Name": "DateOfIssue",
            "DisplayName": "Date Published",
            "ContactType": null
        },
        {
            "Required": false,
            "Name": "Description",
            "DisplayName": "Description",
            "ContactType": null
        },
        {
            "Required": false,
            "Name": "Edition",
            "DisplayName": "Edition",
            "ContactType": null
        },
        {
            "Required": false,
            "Name": "Location",
            "DisplayName": "Place Published",
            "ContactType": null
        },
        {
            "Required": false,
            "Name": "MiscCode",
            "DisplayName": "Report Number/ID",
            "ContactType": null
        },
        {
            "Required": false,
            "Name": "Notes",
            "DisplayName": "Notes",
            "ContactType": null
        },
        {
            "Required": false,
            "Name": "Publisher",
            "DisplayName": "Publisher",
            "ContactType": null
        },
        {
            "Required": false,
            "Name": "Size1",
            "DisplayName": "Number of Pages",
            "ContactType": null
        },
        {
            "Required": false,
            "Name": "TableOfContents",
            "DisplayName": "Table of Contents",
            "ContactType": null
        },
        {
            "Required": true,
            "Name": "Title",
            "DisplayName": "Title",
            "ContactType": null
        },
        {
            "Required": false,
            "Name": "Contacts1",
            "DisplayName": "Author(s)",
            "ContactType": "Mixed"
        },
        {
            "Required": false,
            "Name": "Contacts2",
            "DisplayName": "Editor(s)",
            "ContactType": "Mixed"
        }
    ],
    "IsReadOnly": true,
    "Title": "GIS metrics - soundscape modeling: Standard operating procedure.",
    "DisableFilesLinksTab": false,
    "ParentFieldInfoInternal": [
        {
            "Required": false,
            "Name": "Publisher",
            "DisplayName": "Publisher",
            "ContactType": null
        },
        {
            "Required": true,
            "Name": "Title",
            "DisplayName": "Title",
            "ContactType": null
        }
    ],
    "CanHaveProducts": false,
    "ProductsCount": 0,
    "HasOriginationFlag": true,
    "DisplayCitation": "Sherrill KR. 2012. GIS metrics - soundscape modeling: Standard operating procedure.. Natural Resource Report. NPS/NRSS/IMD/NRR—2012/596. National Park Service. Fort Collins, Colorado",
    "Lifecycle": "",
    "CanUserViewGrandparent": true,
    "CanUserViewParent": true
}