[
    {
        "Description": null,
        "FileManagerId": 133093,
        "WebServiceType": null,
        "FileDescription": "MALU_FG_Final_report_nrss.pdf",
        "NeedsToBeQueued": false,
        "FileSize": 1355088,
        "LastVerified": "/Date(-62135571600000)/",
        "Id": 491512,
        "Url": "https://irma.nps.gov/DataStore/DownloadFile/491512",
        "HoldingType": 0,
        "ServiceTemplate": null,
        "DisableDownload": false,
        "MimeType": "application/pdf",
        "QueueForServices": false,
        "Accessibility": null,
        "DisplayOrder": 1
    }
]