[
    {
        "Description": null,
        "FileManagerId": 133676,
        "WebServiceType": null,
        "FileDescription": "NRR_Aquatic_5-year_Review_Summary_v2.3_nrss.pdf",
        "NeedsToBeQueued": false,
        "FileSize": 3952379,
        "LastVerified": "/Date(-62135571600000)/",
        "Id": 454445,
        "Url": "https://irma.nps.gov/DataStore/DownloadFile/454445",
        "HoldingType": 0,
        "ServiceTemplate": null,
        "DisableDownload": false,
        "MimeType": "application/pdf",
        "QueueForServices": false,
        "Accessibility": null,
        "DisplayOrder": 1
    }
]