[
    {
        "Description": null,
        "FileManagerId": 86686,
        "WebServiceType": null,
        "FileDescription": "CONG-2011-MGM2_nrss.pdf",
        "NeedsToBeQueued": false,
        "FileSize": 1594046,
        "LastVerified": "/Date(-62135571600000)/",
        "Id": 461910,
        "Url": "https://irma.nps.gov/DataStore/DownloadFile/461910",
        "HoldingType": 0,
        "ServiceTemplate": null,
        "DisableDownload": false,
        "MimeType": "application/pdf",
        "QueueForServices": false,
        "Accessibility": null,
        "DisplayOrder": 1
    }
]