[
    {
        "Description": "Science communication plan for Sierra Nevada Network inventory and monitoring program",
        "FileManagerId": 76365,
        "WebServiceType": null,
        "FileDescription": "SIEN_SciCommPlanV1Final_20120329.pdf",
        "NeedsToBeQueued": false,
        "FileSize": 1817402,
        "LastVerified": "/Date(-62135571600000)/",
        "Id": 447400,
        "Url": "https://irma.nps.gov/DataStore/DownloadFile/447400",
        "HoldingType": 0,
        "ServiceTemplate": null,
        "DisableDownload": false,
        "MimeType": "application/pdf",
        "QueueForServices": false,
        "Accessibility": null,
        "DisplayOrder": 1
    }
]