[
    {
        "Description": "",
        "FileManagerId": 120924,
        "WebServiceType": null,
        "FileDescription": "hocurpt.pdf",
        "NeedsToBeQueued": false,
        "FileSize": 5727497,
        "LastVerified": "/Date(-62135571600000)/",
        "Id": 502265,
        "Url": "https://irma.nps.gov/DataStore/DownloadFile/502265",
        "HoldingType": 0,
        "ServiceTemplate": null,
        "DisableDownload": false,
        "MimeType": "application/pdf",
        "QueueForServices": false,
        "Accessibility": null,
        "DisplayOrder": 1
    },
    {
        "Description": "Geodatabase",
        "FileManagerId": 148785,
        "WebServiceType": null,
        "FileDescription": "hocu.zip",
        "NeedsToBeQueued": false,
        "FileSize": 2262872,
        "LastVerified": "/Date(-62135571600000)/",
        "Id": 524411,
        "Url": "https://irma.nps.gov/DataStore/DownloadFile/524411",
        "HoldingType": 0,
        "ServiceTemplate": null,
        "DisableDownload": false,
        "MimeType": "application/zip",
        "QueueForServices": false,
        "Accessibility": null,
        "DisplayOrder": 2
    }
]