[
    {
        "Description": "Appendix 16 - Bats",
        "FileManagerId": 103953,
        "WebServiceType": null,
        "FileDescription": "A16_Bats_nrss.pdf",
        "NeedsToBeQueued": false,
        "FileSize": 3188409,
        "LastVerified": "/Date(-62135571600000)/",
        "Id": 474912,
        "Url": "https://irma.nps.gov/DataStore/DownloadFile/474912",
        "HoldingType": 0,
        "ServiceTemplate": null,
        "DisableDownload": false,
        "MimeType": "application/pdf",
        "QueueForServices": false,
        "Accessibility": null,
        "DisplayOrder": 1
    }
]