[
    {
        "Description": null,
        "FileManagerId": 138647,
        "WebServiceType": null,
        "FileDescription": "NCCN_Landbird_2010_annual_report_20110725.pdf",
        "NeedsToBeQueued": false,
        "FileSize": 3079725,
        "LastVerified": "/Date(-62135571600000)/",
        "Id": 432041,
        "Url": "https://irma.nps.gov/DataStore/DownloadFile/432041",
        "HoldingType": 0,
        "ServiceTemplate": null,
        "DisableDownload": false,
        "MimeType": "application/pdf",
        "QueueForServices": false,
        "Accessibility": null,
        "DisplayOrder": 1
    }
]