{
    "NewestVersion": null,
    "Description": "Executive Summary \n\nThe Alaska Natural Resource Advisory Council (NRAC) developed this implementation plan to further the mission of the council and provide guidance for resource stewardship in Alaska National Park Service (NPS) units. \n\nThe Alaska NRAC mission, articulated in its 2013 charter is to “… provide[s] leadership and direction for natural resource stewardship. This program provides the scientifically and technically sound resource information necessary to guide policy and management decisions aimed at preserving the natural resources, processes, and values,( including ancient and continuing human interaction), in these unparalleled national parks.”\n\nThis implementation plan outlines the goals and actions for a collective natural resource stewardship program in the Alaska Region for 2013-2018. NRAC developed a guiding strategic plan in 2010 for resource stewardship in Alaska’s NPS units, The Alaska Natural Resource Program - A Strategy for the Future. The strategic plan includes ten focus areas, listed in Table 1. This implementation plan provides detailed goals and action items to help make progress within each focus area. The twenty-six goals are written as outcomes which describe the Natural Resource Program in 2018. This plan does not describe all operations or ongoing work, but specifies areas of special attention to progress resource management and resource conditions in the Alaska Region. \n\nThis plan is the result of a multi-day meeting of the Alaska Natural Resource Advisory Council (NRAC) in fall 2012, follow-up with subject matter experts and park staff, and further review by NRAC during 2013. A prior NRAC Implementation Plan covered 2007-2012.",
    "MasterId": null,
    "CanHaveProjectAndSiblings": true,
    "RelatedCaption": "Related Published Report Section",
    "TypeId": "PublishedReport",
    "CrossRefCount": 0,
    "Downloadability": "Public",
    "TypeName": "Published Report",
    "LinkedResourceCount": 1,
    "ReferenceId": 2207199,
    "Visibility": "Public",
    "OriginatingPrpCount": 0,
    "CanBeVersioned": true,
    "CanHaveChildren": true,
    "RefVersionsCount": 0,
    "RelatedCount": 0,
    "SelfFieldInfoInternal": [
        {
            "Required": false,
            "Name": "ContentBeginDate",
            "DisplayName": "Content Begin Date",
            "ContactType": null
        },
        {
            "Required": false,
            "Name": "ContentEndDate",
            "DisplayName": "Content End Date",
            "ContactType": null
        },
        {
            "Required": false,
            "Name": "DateOfIssue",
            "DisplayName": "Date Published",
            "ContactType": null
        },
        {
            "Required": false,
            "Name": "Description",
            "DisplayName": "Description",
            "ContactType": null
        },
        {
            "Required": false,
            "Name": "Edition",
            "DisplayName": "Edition",
            "ContactType": null
        },
        {
            "Required": false,
            "Name": "Location",
            "DisplayName": "Place Published",
            "ContactType": null
        },
        {
            "Required": false,
            "Name": "MiscCode",
            "DisplayName": "Report Number/ID",
            "ContactType": null
        },
        {
            "Required": false,
            "Name": "Notes",
            "DisplayName": "Notes",
            "ContactType": null
        },
        {
            "Required": false,
            "Name": "Publisher",
            "DisplayName": "Publisher",
            "ContactType": null
        },
        {
            "Required": false,
            "Name": "Size1",
            "DisplayName": "Number of Pages",
            "ContactType": null
        },
        {
            "Required": false,
            "Name": "TableOfContents",
            "DisplayName": "Table of Contents",
            "ContactType": null
        },
        {
            "Required": true,
            "Name": "Title",
            "DisplayName": "Title",
            "ContactType": null
        },
        {
            "Required": false,
            "Name": "Contacts1",
            "DisplayName": "Author(s)",
            "ContactType": "Mixed"
        },
        {
            "Required": false,
            "Name": "Contacts2",
            "DisplayName": "Editor(s)",
            "ContactType": "Mixed"
        }
    ],
    "IsReadOnly": false,
    "Title": "The Alaska Natural Resource Program implementation plan 2013 - 2018",
    "DisableFilesLinksTab": false,
    "ParentFieldInfoInternal": [
        {
            "Required": false,
            "Name": "Publisher",
            "DisplayName": "Publisher",
            "ContactType": null
        },
        {
            "Required": true,
            "Name": "Title",
            "DisplayName": "Title",
            "ContactType": null
        }
    ],
    "CanHaveProducts": false,
    "ProductsCount": 0,
    "HasOriginationFlag": true,
    "DisplayCitation": "Adema G. 2014. The Alaska Natural Resource Program implementation plan 2013 - 2018. Natural Resource Report. NPS/AKRO/NRR—2014/764. National Park Service. Fort Collins, Colorado",
    "Lifecycle": "",
    "CanUserViewGrandparent": true,
    "CanUserViewParent": true
}