[
    {
        "Description": "Strategic plan for Alaska Regional Natural Resource Management Program",
        "FileManagerId": 145693,
        "WebServiceType": null,
        "FileDescription": "Alaska_Natural_Resource_Program_Implementation_Plan_2013_-_2018.pdf",
        "NeedsToBeQueued": false,
        "FileSize": 220344,
        "LastVerified": "/Date(-62135571600000)/",
        "Id": 489515,
        "Url": "https://irma.nps.gov/DataStore/DownloadFile/489515",
        "HoldingType": 0,
        "ServiceTemplate": null,
        "DisableDownload": false,
        "MimeType": "application/pdf",
        "QueueForServices": false,
        "Accessibility": null,
        "DisplayOrder": 1
    }
]