[
    {
        "Description": "",
        "FileManagerId": 73711,
        "WebServiceType": null,
        "FileDescription": "APPA_Vital_Signs_Plan_FINAL_20110516.pdf",
        "NeedsToBeQueued": false,
        "FileSize": 13598241,
        "LastVerified": "/Date(-62135571600000)/",
        "Id": 432926,
        "Url": "https://irma.nps.gov/DataStore/DownloadFile/432926",
        "HoldingType": 0,
        "ServiceTemplate": null,
        "DisableDownload": false,
        "MimeType": "application/pdf",
        "QueueForServices": false,
        "Accessibility": null,
        "DisplayOrder": 1
    }
]