[
    {
        "Description": null,
        "FileManagerId": 75480,
        "WebServiceType": null,
        "FileDescription": "NPS_VSE_2012_final_nrss.pdf",
        "NeedsToBeQueued": false,
        "FileSize": 907420,
        "LastVerified": "/Date(-62135571600000)/",
        "Id": 490366,
        "Url": "https://irma.nps.gov/DataStore/DownloadFile/490366",
        "HoldingType": 0,
        "ServiceTemplate": null,
        "DisableDownload": false,
        "MimeType": "application/pdf",
        "QueueForServices": false,
        "Accessibility": null,
        "DisplayOrder": 1
    }
]