[
    {
        "Description": "Reduced sized pdf version",
        "FileManagerId": 75392,
        "WebServiceType": null,
        "FileDescription": "FOUN_Exotic_Book_FINAL_small.pdf",
        "NeedsToBeQueued": false,
        "FileSize": 1215089,
        "LastVerified": "/Date(-62135571600000)/",
        "Id": 447571,
        "Url": "https://irma.nps.gov/DataStore/DownloadFile/447571",
        "HoldingType": 0,
        "ServiceTemplate": null,
        "DisableDownload": false,
        "MimeType": "application/pdf",
        "QueueForServices": false,
        "Accessibility": null,
        "DisplayOrder": 1
    },
    {
        "Description": "High quality print version",
        "FileManagerId": 145145,
        "WebServiceType": null,
        "FileDescription": "FOUN_Exotic_Book_FINAL.pdf",
        "NeedsToBeQueued": false,
        "FileSize": 23643499,
        "LastVerified": "/Date(-62135571600000)/",
        "Id": 447572,
        "Url": "https://irma.nps.gov/DataStore/DownloadFile/447572",
        "HoldingType": 0,
        "ServiceTemplate": null,
        "DisableDownload": false,
        "MimeType": "application/pdf",
        "QueueForServices": false,
        "Accessibility": null,
        "DisplayOrder": 2
    }
]