[
    {
        "Description": "Boston Harbor Islands National Recreation Area Coastal Breeding Bird Protocol - 2013 revision.",
        "FileManagerId": 128992,
        "WebServiceType": null,
        "FileDescription": "BOHA_Coastal_Breeding_Bird_Protocol_2013_revision.pdf",
        "NeedsToBeQueued": false,
        "FileSize": 2429817,
        "LastVerified": "/Date(-62135571600000)/",
        "Id": 467264,
        "Url": "https://irma.nps.gov/DataStore/DownloadFile/467264",
        "HoldingType": 0,
        "ServiceTemplate": null,
        "DisableDownload": false,
        "MimeType": "application/pdf",
        "QueueForServices": false,
        "Accessibility": null,
        "DisplayOrder": 1
    }
]