[
    {
        "Description": null,
        "FileManagerId": 128112,
        "WebServiceType": null,
        "FileDescription": "ALPO_JOFL_DEWA_UPDE_2181199_BMI_Tzilkowski.et.al_NPS_ERMN_NRDS_2011_212.pdf",
        "NeedsToBeQueued": false,
        "FileSize": 2439639,
        "LastVerified": "/Date(-62135571600000)/",
        "Id": 443318,
        "Url": "https://irma.nps.gov/DataStore/DownloadFile/443318",
        "HoldingType": 0,
        "ServiceTemplate": null,
        "DisableDownload": false,
        "MimeType": "application/pdf",
        "QueueForServices": false,
        "Accessibility": null,
        "DisplayOrder": 1
    }
]