[
    {
        "Description": null,
        "FileManagerId": 126955,
        "WebServiceType": null,
        "FileDescription": "LIBO-2012-MGM2_nrss.pdf",
        "NeedsToBeQueued": false,
        "FileSize": 846826,
        "LastVerified": "/Date(-62135571600000)/",
        "Id": 469893,
        "Url": "https://irma.nps.gov/DataStore/DownloadFile/469893",
        "HoldingType": 0,
        "ServiceTemplate": null,
        "DisableDownload": false,
        "MimeType": "application/pdf",
        "QueueForServices": false,
        "Accessibility": null,
        "DisplayOrder": 1
    }
]