[
    {
        "Description": null,
        "FileManagerId": 132185,
        "WebServiceType": null,
        "FileDescription": "KSLE_FG_FInal_Report_nrss.pdf",
        "NeedsToBeQueued": false,
        "FileSize": 1698139,
        "LastVerified": "/Date(-62135571600000)/",
        "Id": 469903,
        "Url": "https://irma.nps.gov/DataStore/DownloadFile/469903",
        "HoldingType": 0,
        "ServiceTemplate": null,
        "DisableDownload": false,
        "MimeType": "application/pdf",
        "QueueForServices": false,
        "Accessibility": null,
        "DisplayOrder": 1
    }
]