[
    {
        "Description": null,
        "FileManagerId": 79520,
        "WebServiceType": null,
        "FileDescription": "GOGA-PORE_CWA_final_2013.pdf",
        "NeedsToBeQueued": false,
        "FileSize": 23831339,
        "LastVerified": "/Date(-62135571600000)/",
        "Id": 471087,
        "Url": "https://irma.nps.gov/DataStore/DownloadFile/471087",
        "HoldingType": 0,
        "ServiceTemplate": null,
        "DisableDownload": false,
        "MimeType": "application/pdf",
        "QueueForServices": false,
        "Accessibility": null,
        "DisplayOrder": 1
    }
]