[
    {
        "Description": null,
        "FileManagerId": 119439,
        "WebServiceType": null,
        "FileDescription": "MEVE-2012-MGM2_nrss.pdf",
        "NeedsToBeQueued": false,
        "FileSize": 3473137,
        "LastVerified": "/Date(-62135571600000)/",
        "Id": 474838,
        "Url": "https://irma.nps.gov/DataStore/DownloadFile/474838",
        "HoldingType": 0,
        "ServiceTemplate": null,
        "DisableDownload": false,
        "MimeType": "application/pdf",
        "QueueForServices": false,
        "Accessibility": null,
        "DisplayOrder": 1
    }
]