[
    {
        "Description": null,
        "FileManagerId": 127351,
        "WebServiceType": null,
        "FileDescription": "WHSA-2012-MGM2_nrss.pdf",
        "NeedsToBeQueued": false,
        "FileSize": 2090691,
        "LastVerified": "/Date(-62135571600000)/",
        "Id": 475915,
        "Url": "https://irma.nps.gov/DataStore/DownloadFile/475915",
        "HoldingType": 0,
        "ServiceTemplate": null,
        "DisableDownload": false,
        "MimeType": "application/pdf",
        "QueueForServices": false,
        "Accessibility": null,
        "DisplayOrder": 1
    }
]