[
    {
        "Description": "Final report (.pdf)",
        "FileManagerId": 89069,
        "WebServiceType": null,
        "FileDescription": "NPS_Monitoring_Design_Guidance.pdf",
        "NeedsToBeQueued": false,
        "FileSize": 716656,
        "LastVerified": "/Date(-62135571600000)/",
        "Id": 450389,
        "Url": "https://irma.nps.gov/DataStore/DownloadFile/450389",
        "HoldingType": 0,
        "ServiceTemplate": null,
        "DisableDownload": false,
        "MimeType": "application/pdf",
        "QueueForServices": false,
        "Accessibility": null,
        "DisplayOrder": 1
    }
]