[
    {
        "Description": null,
        "FileManagerId": 80933,
        "WebServiceType": null,
        "FileDescription": "3003_SAGU-12-26-12_nrss.pdf",
        "NeedsToBeQueued": false,
        "FileSize": 3453185,
        "LastVerified": "/Date(-62135571600000)/",
        "Id": 462474,
        "Url": "https://irma.nps.gov/DataStore/DownloadFile/462474",
        "HoldingType": 0,
        "ServiceTemplate": null,
        "DisableDownload": false,
        "MimeType": "application/pdf",
        "QueueForServices": false,
        "Accessibility": null,
        "DisplayOrder": 1
    }
]