[
    {
        "Description": null,
        "FileManagerId": 114961,
        "WebServiceType": null,
        "FileDescription": "MALU_Final_report_nrss.pdf",
        "NeedsToBeQueued": false,
        "FileSize": 819178,
        "LastVerified": "/Date(-62135571600000)/",
        "Id": 475929,
        "Url": "https://irma.nps.gov/DataStore/DownloadFile/475929",
        "HoldingType": 0,
        "ServiceTemplate": null,
        "DisableDownload": false,
        "MimeType": "application/pdf",
        "QueueForServices": false,
        "Accessibility": null,
        "DisplayOrder": 1
    }
]