[
    {
        "Description": null,
        "FileManagerId": 117232,
        "WebServiceType": null,
        "FileDescription": "LAVO_Report_final_winter_nrss.pdf",
        "NeedsToBeQueued": false,
        "FileSize": 9493903,
        "LastVerified": "/Date(-62135571600000)/",
        "Id": 488476,
        "Url": "https://irma.nps.gov/DataStore/DownloadFile/488476",
        "HoldingType": 0,
        "ServiceTemplate": null,
        "DisableDownload": false,
        "MimeType": "application/pdf",
        "QueueForServices": false,
        "Accessibility": null,
        "DisplayOrder": 1
    }
]