[
    {
        "Description": null,
        "FileManagerId": 88797,
        "WebServiceType": null,
        "FileDescription": "hehorpt.pdf",
        "NeedsToBeQueued": false,
        "FileSize": 2139949,
        "LastVerified": "/Date(-62135571600000)/",
        "Id": 502267,
        "Url": "https://irma.nps.gov/DataStore/DownloadFile/502267",
        "HoldingType": 0,
        "ServiceTemplate": null,
        "DisableDownload": false,
        "MimeType": "application/pdf",
        "QueueForServices": false,
        "Accessibility": null,
        "DisplayOrder": 1
    },
    {
        "Description": "Geodatabase",
        "FileManagerId": 115279,
        "WebServiceType": null,
        "FileDescription": "heho.zip",
        "NeedsToBeQueued": false,
        "FileSize": 2151954,
        "LastVerified": "/Date(-62135571600000)/",
        "Id": 524410,
        "Url": "https://irma.nps.gov/DataStore/DownloadFile/524410",
        "HoldingType": 0,
        "ServiceTemplate": null,
        "DisableDownload": false,
        "MimeType": "application/zip",
        "QueueForServices": false,
        "Accessibility": null,
        "DisplayOrder": 2
    }
]