[
    {
        "Description": null,
        "FileManagerId": 110350,
        "WebServiceType": null,
        "FileDescription": "CompSurvey_2008-2009_Comparison_July_2011_nrss.pdf",
        "NeedsToBeQueued": false,
        "FileSize": 211012,
        "LastVerified": "/Date(-62135571600000)/",
        "Id": 432663,
        "Url": "https://irma.nps.gov/DataStore/DownloadFile/432663",
        "HoldingType": 0,
        "ServiceTemplate": null,
        "DisableDownload": false,
        "MimeType": "application/pdf",
        "QueueForServices": false,
        "Accessibility": null,
        "DisplayOrder": 1
    }
]