[
    {
        "Description": null,
        "FileManagerId": 137491,
        "WebServiceType": null,
        "FileDescription": "EPMT_FY2010_Annual_Report.pdf",
        "NeedsToBeQueued": false,
        "FileSize": 6709905,
        "LastVerified": "/Date(-62135571600000)/",
        "Id": 439741,
        "Url": "https://irma.nps.gov/DataStore/DownloadFile/439741",
        "HoldingType": 0,
        "ServiceTemplate": null,
        "DisableDownload": false,
        "MimeType": "application/pdf",
        "QueueForServices": false,
        "Accessibility": null,
        "DisplayOrder": 1
    }
]