[
    {
        "Description": "pdf of final report",
        "FileManagerId": 133550,
        "WebServiceType": null,
        "FileDescription": "PlantsOfTUMA_NRR2012535_2185703.pdf",
        "NeedsToBeQueued": false,
        "FileSize": 50005213,
        "LastVerified": "/Date(-62135571600000)/",
        "Id": 449746,
        "Url": "https://irma.nps.gov/DataStore/DownloadFile/449746",
        "HoldingType": 0,
        "ServiceTemplate": null,
        "DisableDownload": false,
        "MimeType": "application/pdf",
        "QueueForServices": false,
        "Accessibility": null,
        "DisplayOrder": 1
    }
]