[
    {
        "Description": "Final Report",
        "FileManagerId": 70412,
        "WebServiceType": null,
        "FileDescription": "KLMN_Lakes_Protocol_v1.00_20110907_nrss.pdf",
        "NeedsToBeQueued": false,
        "FileSize": 4651456,
        "LastVerified": "/Date(-62135571600000)/",
        "Id": 443404,
        "Url": "https://irma.nps.gov/DataStore/DownloadFile/443404",
        "HoldingType": 0,
        "ServiceTemplate": null,
        "DisableDownload": false,
        "MimeType": "application/pdf",
        "QueueForServices": false,
        "Accessibility": null,
        "DisplayOrder": 1
    }
]