[
    {
        "Description": null,
        "FileManagerId": 124127,
        "WebServiceType": null,
        "FileDescription": "246_PETE_rept.pdf",
        "NeedsToBeQueued": false,
        "FileSize": 2351834,
        "LastVerified": "/Date(-62135571600000)/",
        "Id": 447720,
        "Url": "https://irma.nps.gov/DataStore/DownloadFile/447720",
        "HoldingType": 0,
        "ServiceTemplate": null,
        "DisableDownload": false,
        "MimeType": "application/pdf",
        "QueueForServices": false,
        "Accessibility": null,
        "DisplayOrder": 1
    }
]