[
    {
        "Description": null,
        "FileManagerId": 110125,
        "WebServiceType": null,
        "FileDescription": "FOMR_NRSS_final_report.pdf",
        "NeedsToBeQueued": false,
        "FileSize": 2237921,
        "LastVerified": "/Date(-62135571600000)/",
        "Id": 510169,
        "Url": "https://irma.nps.gov/DataStore/DownloadFile/510169",
        "HoldingType": 0,
        "ServiceTemplate": null,
        "DisableDownload": false,
        "MimeType": "application/pdf",
        "QueueForServices": false,
        "Accessibility": null,
        "DisplayOrder": 1
    }
]