[
    {
        "Description": null,
        "FileManagerId": 128500,
        "WebServiceType": null,
        "FileDescription": "Thomas_2011_Manassas_National_Battlefield_Natural_Resource_Condition_Assessment_20110816.pdf",
        "NeedsToBeQueued": false,
        "FileSize": 22938208,
        "LastVerified": "/Date(-62135571600000)/",
        "Id": 443058,
        "Url": "https://irma.nps.gov/DataStore/DownloadFile/443058",
        "HoldingType": 0,
        "ServiceTemplate": null,
        "DisableDownload": false,
        "MimeType": "application/pdf",
        "QueueForServices": false,
        "Accessibility": null,
        "DisplayOrder": 1
    }
]