[
    {
        "Description": null,
        "FileManagerId": 84041,
        "WebServiceType": null,
        "FileDescription": "PECO_NRCA_final.pdf",
        "NeedsToBeQueued": false,
        "FileSize": 5947833,
        "LastVerified": "/Date(-62135571600000)/",
        "Id": 435149,
        "Url": "https://irma.nps.gov/DataStore/DownloadFile/435149",
        "HoldingType": 0,
        "ServiceTemplate": null,
        "DisableDownload": false,
        "MimeType": "application/pdf",
        "QueueForServices": false,
        "Accessibility": null,
        "DisplayOrder": 1
    }
]