[
    {
        "Description": null,
        "FileManagerId": 90649,
        "WebServiceType": null,
        "FileDescription": "NRR_FY2011_EPMT_Annual_Report.pdf",
        "NeedsToBeQueued": false,
        "FileSize": 7330105,
        "LastVerified": "/Date(-62135571600000)/",
        "Id": 450503,
        "Url": "https://irma.nps.gov/DataStore/DownloadFile/450503",
        "HoldingType": 0,
        "ServiceTemplate": null,
        "DisableDownload": false,
        "MimeType": "application/pdf",
        "QueueForServices": false,
        "Accessibility": null,
        "DisplayOrder": 1
    }
]