[
    {
        "Description": "Statistical analyses of interactions and affects of water quality parameters on fish and aquatic macroinvertebrate communities across Great Smoky Mountains National Park.",
        "FileManagerId": 114948,
        "WebServiceType": null,
        "FileDescription": "BioticEffects_NRR_FINAL_nrss.pdf",
        "NeedsToBeQueued": false,
        "FileSize": 9120768,
        "LastVerified": "/Date(-62135571600000)/",
        "Id": 490489,
        "Url": "https://irma.nps.gov/DataStore/DownloadFile/490489",
        "HoldingType": 0,
        "ServiceTemplate": null,
        "DisableDownload": false,
        "MimeType": "application/pdf",
        "QueueForServices": false,
        "Accessibility": null,
        "DisplayOrder": 1
    }
]