[
    {
        "Description": "Landscape Dynamics of Saguaro National Park - PDF, 326 pp (155 MB)",
        "FileManagerId": 110072,
        "WebServiceType": null,
        "FileDescription": "Monahan_LandscapeDynamics_SAGU.pdf",
        "NeedsToBeQueued": false,
        "FileSize": 161978638,
        "LastVerified": "/Date(-62135571600000)/",
        "Id": 462836,
        "Url": "https://irma.nps.gov/DataStore/DownloadFile/462836",
        "HoldingType": 0,
        "ServiceTemplate": null,
        "DisableDownload": false,
        "MimeType": "application/pdf",
        "QueueForServices": false,
        "Accessibility": null,
        "DisplayOrder": 1
    }
]