[
    {
        "Description": "Appendix 13 - Meadows",
        "FileManagerId": 81555,
        "WebServiceType": null,
        "FileDescription": "A13_Meadows_nrss.pdf",
        "NeedsToBeQueued": false,
        "FileSize": 5834853,
        "LastVerified": "/Date(-62135571600000)/",
        "Id": 474533,
        "Url": "https://irma.nps.gov/DataStore/DownloadFile/474533",
        "HoldingType": 0,
        "ServiceTemplate": null,
        "DisableDownload": false,
        "MimeType": "application/pdf",
        "QueueForServices": false,
        "Accessibility": null,
        "DisplayOrder": 1
    }
]