[
    {
        "Description": null,
        "FileManagerId": 76558,
        "WebServiceType": null,
        "FileDescription": "NEBE-2010-MGM2-nrss-final.pdf",
        "NeedsToBeQueued": false,
        "FileSize": 742755,
        "LastVerified": "/Date(-62135571600000)/",
        "Id": 447256,
        "Url": "https://irma.nps.gov/DataStore/DownloadFile/447256",
        "HoldingType": 0,
        "ServiceTemplate": null,
        "DisableDownload": false,
        "MimeType": "application/pdf",
        "QueueForServices": false,
        "Accessibility": null,
        "DisplayOrder": 1
    }
]