[
    {
        "Description": "Water Quality Vital Signs Monitoring Protocol for PACN: SOPs: Version 1.0",
        "FileManagerId": 82672,
        "WebServiceType": null,
        "FileDescription": "2011_PACN_water_quality_protocol_SOPs.pdf",
        "NeedsToBeQueued": false,
        "FileSize": 1608817,
        "LastVerified": "/Date(-62135571600000)/",
        "Id": 430117,
        "Url": "https://irma.nps.gov/DataStore/DownloadFile/430117",
        "HoldingType": 0,
        "ServiceTemplate": null,
        "DisableDownload": false,
        "MimeType": "application/pdf",
        "QueueForServices": false,
        "Accessibility": null,
        "DisplayOrder": 1
    }
]