[
    {
        "Description": null,
        "FileManagerId": 130186,
        "WebServiceType": null,
        "FileDescription": "CarneyCB_AK_IM_Science_Communication_Plan_20111017_nrss.pdf",
        "NeedsToBeQueued": false,
        "FileSize": 6437127,
        "LastVerified": "/Date(-62135571600000)/",
        "Id": 440152,
        "Url": "https://irma.nps.gov/DataStore/DownloadFile/440152",
        "HoldingType": 0,
        "ServiceTemplate": null,
        "DisableDownload": false,
        "MimeType": "application/pdf",
        "QueueForServices": false,
        "Accessibility": null,
        "DisplayOrder": 1
    }
]