[
    {
        "Description": null,
        "FileManagerId": 89278,
        "WebServiceType": null,
        "FileDescription": "SAIR_NRSS_final_rept.pdf",
        "NeedsToBeQueued": false,
        "FileSize": 4268246,
        "LastVerified": "/Date(-62135571600000)/",
        "Id": 510027,
        "Url": "https://irma.nps.gov/DataStore/DownloadFile/510027",
        "HoldingType": 0,
        "ServiceTemplate": null,
        "DisableDownload": false,
        "MimeType": "application/pdf",
        "QueueForServices": false,
        "Accessibility": null,
        "DisplayOrder": 1
    }
]