[
    {
        "Description": null,
        "FileManagerId": 112919,
        "WebServiceType": null,
        "FileDescription": "CUIS_Report_final_nrss.pdf",
        "NeedsToBeQueued": false,
        "FileSize": 10541908,
        "LastVerified": "/Date(-62135571600000)/",
        "Id": 488434,
        "Url": "https://irma.nps.gov/DataStore/DownloadFile/488434",
        "HoldingType": 0,
        "ServiceTemplate": null,
        "DisableDownload": false,
        "MimeType": "application/pdf",
        "QueueForServices": false,
        "Accessibility": null,
        "DisplayOrder": 1
    }
]