[
    {
        "Description": null,
        "FileManagerId": 141323,
        "WebServiceType": null,
        "FileDescription": "Thomas_2011_Antietam_National_Battlefield_Natural_Resource_Condition_Assessment_20110816.pdf",
        "NeedsToBeQueued": false,
        "FileSize": 25174468,
        "LastVerified": "/Date(-62135571600000)/",
        "Id": 433879,
        "Url": "https://irma.nps.gov/DataStore/DownloadFile/433879",
        "HoldingType": 0,
        "ServiceTemplate": null,
        "DisableDownload": false,
        "MimeType": "application/pdf",
        "QueueForServices": false,
        "Accessibility": null,
        "DisplayOrder": 1
    }
]