{
    "NewestVersion": null,
    "Description": "The lands within Antietam National Battlefield are much as they were on the day of the battle and the park is charged with maintaining them in historical land use to preserve the view of the battle. The first step in framing this Natural Resource Condition Assessment was to define the key habitats within the park. Habitats ‘managed for natural resource values’ were the natural habitats (forests, wetlands and waterways, warm-season grasslands) and were assessed for ecological value, while habitats ‘managed for agricultural values’ (croplands and pastures) were assessed for being the most ecologically sustainable croplands and pastures possible.\n\nPatches of forest within Antietam National Battlefield are well connected; however, forest interior area is small, providing moderate habitat potential for native fauna, including forest interior dwelling bird species. It is recommended to preserve this forest structure by limiting future fragmentation and minimizing stresses to forest areas. Very high deer populations are present within forest areas, resulting in limited regeneration capacity, as well as trampling, overgrazing, and reduction of habitat value for wildlife. It is recommended to implement deer reduction strategies. The abundant presence of exotic plant species displaces native species and reduces habitat value. Continued early detection of exotic species is recommended with subsequent active control measures. Assessment of exotic species cover would be better assessed with park-wide mapping as the current small number of plots is not ideal for assessing exotic species cover on a park scale.\n\nWetland and waterway habitats show no sign of acidification or low oxygen; however, high salinity and nutrients indicate degraded habitat value which is reflected in the regionally low diversity of benthos and fishes. The karst geology of Antietam and the surrounding landscape has implications for water quality of the streams within the park, affecting acid neutralizing capacity, temperature, and salinity of the waterways.\n\nIt is recommended to identify and work with partners to reduce non-point source nutrient inputs from the watershed, as well as continue to implement (and begin to monitor) best management practices in agricultural lands. Additionally, efforts should continue to establish riparian buffers where appropriate, in consideration of cultural resources and historic vistas. Assessment of these habitats could be improved by inclusion of metrics indicative of groundwater condition, to better understand the effects of the karst geology of the area.\n\nIt is recommended to carry out baseline grassland plant inventories and optimize fire management to assist a transition to a greater proportion of native warm-season grasses. Warm-season grassland areas are currently not contiguous, limiting the habitat value to wildlife. It is recommended to remove tree lines and expand areas of native grasses where historically appropriate. Future assessments of natural resource condition would be improved by developing inventories and monitoring of bird, small mammal, and insect communities within native grassland habitats. Direct measures of the species and habitat diversity (i.e., range of successional stages) would also be beneficial in managing to maximize habitat value of warm-season grassland habitat.",
    "MasterId": null,
    "CanHaveProjectAndSiblings": true,
    "RelatedCaption": "Related Published Report Section",
    "TypeId": "PublishedReport",
    "CrossRefCount": 0,
    "Downloadability": "Public",
    "TypeName": "Published Report",
    "LinkedResourceCount": 1,
    "ReferenceId": 2172109,
    "Visibility": "Public",
    "OriginatingPrpCount": 3,
    "CanBeVersioned": true,
    "CanHaveChildren": true,
    "RefVersionsCount": 0,
    "RelatedCount": 0,
    "SelfFieldInfoInternal": [
        {
            "Required": false,
            "Name": "ContentBeginDate",
            "DisplayName": "Content Begin Date",
            "ContactType": null
        },
        {
            "Required": false,
            "Name": "ContentEndDate",
            "DisplayName": "Content End Date",
            "ContactType": null
        },
        {
            "Required": false,
            "Name": "DateOfIssue",
            "DisplayName": "Date Published",
            "ContactType": null
        },
        {
            "Required": false,
            "Name": "Description",
            "DisplayName": "Description",
            "ContactType": null
        },
        {
            "Required": false,
            "Name": "Edition",
            "DisplayName": "Edition",
            "ContactType": null
        },
        {
            "Required": false,
            "Name": "Location",
            "DisplayName": "Place Published",
            "ContactType": null
        },
        {
            "Required": false,
            "Name": "MiscCode",
            "DisplayName": "Report Number/ID",
            "ContactType": null
        },
        {
            "Required": false,
            "Name": "Notes",
            "DisplayName": "Notes",
            "ContactType": null
        },
        {
            "Required": false,
            "Name": "Publisher",
            "DisplayName": "Publisher",
            "ContactType": null
        },
        {
            "Required": false,
            "Name": "Size1",
            "DisplayName": "Number of Pages",
            "ContactType": null
        },
        {
            "Required": false,
            "Name": "TableOfContents",
            "DisplayName": "Table of Contents",
            "ContactType": null
        },
        {
            "Required": true,
            "Name": "Title",
            "DisplayName": "Title",
            "ContactType": null
        },
        {
            "Required": false,
            "Name": "Contacts1",
            "DisplayName": "Author(s)",
            "ContactType": "Mixed"
        },
        {
            "Required": false,
            "Name": "Contacts2",
            "DisplayName": "Editor(s)",
            "ContactType": "Mixed"
        }
    ],
    "IsReadOnly": false,
    "Title": "Antietam National Battlefield natural resource condition assessment: National Capital Region",
    "DisableFilesLinksTab": false,
    "ParentFieldInfoInternal": [
        {
            "Required": false,
            "Name": "Publisher",
            "DisplayName": "Publisher",
            "ContactType": null
        },
        {
            "Required": true,
            "Name": "Title",
            "DisplayName": "Title",
            "ContactType": null
        }
    ],
    "CanHaveProducts": false,
    "ProductsCount": 0,
    "HasOriginationFlag": true,
    "DisplayCitation": "Thomas JE and Others. 2011. Antietam National Battlefield natural resource condition assessment: National Capital Region. Natural Resource Report. NPS/NCRN/NRR—2011/413. National Park Service, Natural Resource Stewardship and Science. Fort Collins, Colorado",
    "Lifecycle": "",
    "CanUserViewGrandparent": true,
    "CanUserViewParent": true
}