[
    {
        "Description": null,
        "FileManagerId": 130823,
        "WebServiceType": null,
        "FileDescription": "OBRI-2012-MGM2_nrss.pdf",
        "NeedsToBeQueued": false,
        "FileSize": 4913378,
        "LastVerified": "/Date(-62135571600000)/",
        "Id": 475924,
        "Url": "https://irma.nps.gov/DataStore/DownloadFile/475924",
        "HoldingType": 0,
        "ServiceTemplate": null,
        "DisableDownload": false,
        "MimeType": "application/pdf",
        "QueueForServices": false,
        "Accessibility": null,
        "DisplayOrder": 1
    }
]