[
    {
        "Description": null,
        "FileManagerId": 114213,
        "WebServiceType": null,
        "FileDescription": "CHIC-2012-MGM2-final_nrss.pdf",
        "NeedsToBeQueued": false,
        "FileSize": 3025368,
        "LastVerified": "/Date(-62135571600000)/",
        "Id": 474837,
        "Url": "https://irma.nps.gov/DataStore/DownloadFile/474837",
        "HoldingType": 0,
        "ServiceTemplate": null,
        "DisableDownload": false,
        "MimeType": "application/pdf",
        "QueueForServices": false,
        "Accessibility": null,
        "DisplayOrder": 1
    }
]