[
    {
        "Description": null,
        "FileManagerId": 123076,
        "WebServiceType": null,
        "FileDescription": "BICA_NRCA_Komp_et_al_2012_nrss.pdf",
        "NeedsToBeQueued": false,
        "FileSize": 12846018,
        "LastVerified": "/Date(-62135571600000)/",
        "Id": 451953,
        "Url": "https://irma.nps.gov/DataStore/DownloadFile/451953",
        "HoldingType": 0,
        "ServiceTemplate": null,
        "DisableDownload": false,
        "MimeType": "application/pdf",
        "QueueForServices": false,
        "Accessibility": null,
        "DisplayOrder": 1
    }
]