[
    {
        "Description": null,
        "FileManagerId": 135477,
        "WebServiceType": null,
        "FileDescription": "DINO_Report_final_nrss.pdf",
        "NeedsToBeQueued": false,
        "FileSize": 6606199,
        "LastVerified": "/Date(-62135571600000)/",
        "Id": 494845,
        "Url": "https://irma.nps.gov/DataStore/DownloadFile/494845",
        "HoldingType": 0,
        "ServiceTemplate": null,
        "DisableDownload": false,
        "MimeType": "application/pdf",
        "QueueForServices": false,
        "Accessibility": null,
        "DisplayOrder": 1
    }
]