[
    {
        "Description": null,
        "FileManagerId": 72487,
        "WebServiceType": null,
        "FileDescription": "STEA_Report_final_nrss.pdf",
        "NeedsToBeQueued": false,
        "FileSize": 4531623,
        "LastVerified": "/Date(-62135571600000)/",
        "Id": 488495,
        "Url": "https://irma.nps.gov/DataStore/DownloadFile/488495",
        "HoldingType": 0,
        "ServiceTemplate": null,
        "DisableDownload": false,
        "MimeType": "application/pdf",
        "QueueForServices": false,
        "Accessibility": null,
        "DisplayOrder": 1
    }
]