[
    {
        "Description": "Final Document",
        "FileManagerId": 121781,
        "WebServiceType": null,
        "FileDescription": "NRR_Wadeable_Streams_Appendixes_20130508_nrss.pdf",
        "NeedsToBeQueued": false,
        "FileSize": 10722023,
        "LastVerified": "/Date(-62135571600000)/",
        "Id": 484972,
        "Url": "https://irma.nps.gov/DataStore/DownloadFile/484972",
        "HoldingType": 0,
        "ServiceTemplate": null,
        "DisableDownload": false,
        "MimeType": "application/pdf",
        "QueueForServices": false,
        "Accessibility": null,
        "DisplayOrder": 1
    }
]