[
    {
        "Description": "NETN Lakes, Ponds, and Streams Monitoring Protocol - 2014 Revision ",
        "FileManagerId": 78068,
        "WebServiceType": null,
        "FileDescription": "NETN_WaterProtocol_20140213_FINAL_nrss.pdf",
        "NeedsToBeQueued": false,
        "FileSize": 10962856,
        "LastVerified": "/Date(-62135571600000)/",
        "Id": 491324,
        "Url": "https://irma.nps.gov/DataStore/DownloadFile/491324",
        "HoldingType": 0,
        "ServiceTemplate": null,
        "DisableDownload": false,
        "MimeType": "application/pdf",
        "QueueForServices": false,
        "Accessibility": null,
        "DisplayOrder": 1
    }
]