[
    {
        "Description": null,
        "FileManagerId": 118315,
        "WebServiceType": null,
        "FileDescription": "DINO-2013-MGM2_final.pdf",
        "NeedsToBeQueued": false,
        "FileSize": 235266,
        "LastVerified": "/Date(-62135571600000)/",
        "Id": 494223,
        "Url": "https://irma.nps.gov/DataStore/DownloadFile/494223",
        "HoldingType": 0,
        "ServiceTemplate": null,
        "DisableDownload": false,
        "MimeType": "application/pdf",
        "QueueForServices": false,
        "Accessibility": null,
        "DisplayOrder": 1
    }
]