[
    {
        "Description": null,
        "FileManagerId": 122286,
        "WebServiceType": null,
        "FileDescription": "Managing_Vegetation_for_Children-Final_nrss.pdf",
        "NeedsToBeQueued": false,
        "FileSize": 811053,
        "LastVerified": "/Date(-62135571600000)/",
        "Id": 465593,
        "Url": "https://irma.nps.gov/DataStore/DownloadFile/465593",
        "HoldingType": 0,
        "ServiceTemplate": null,
        "DisableDownload": false,
        "MimeType": "application/pdf",
        "QueueForServices": false,
        "Accessibility": null,
        "DisplayOrder": 1
    }
]