[
    {
        "Description": null,
        "FileManagerId": 83816,
        "WebServiceType": null,
        "FileDescription": "YELL-2011-MGM2-final_nrss.pdf",
        "NeedsToBeQueued": false,
        "FileSize": 1137855,
        "LastVerified": "/Date(-62135571600000)/",
        "Id": 465804,
        "Url": "https://irma.nps.gov/DataStore/DownloadFile/465804",
        "HoldingType": 0,
        "ServiceTemplate": null,
        "DisableDownload": false,
        "MimeType": "application/pdf",
        "QueueForServices": false,
        "Accessibility": null,
        "DisplayOrder": 1
    }
]