[
    {
        "Description": "Final Document",
        "FileManagerId": 142070,
        "WebServiceType": null,
        "FileDescription": "NRR_Wadeable_Streams_20130513_nrss.pdf",
        "NeedsToBeQueued": false,
        "FileSize": 9753973,
        "LastVerified": "/Date(-62135571600000)/",
        "Id": 484971,
        "Url": "https://irma.nps.gov/DataStore/DownloadFile/484971",
        "HoldingType": 0,
        "ServiceTemplate": null,
        "DisableDownload": false,
        "MimeType": "application/pdf",
        "QueueForServices": false,
        "Accessibility": null,
        "DisplayOrder": 1
    }
]