{
    "NewestVersion": 2220993,
    "Description": "This document presents a travel time cost surface model\n(TTCSM), which calculates travel time from defined point and/or linear\nlocations to other locations within a user-defined area of interest. The TTCSM\nis designed to model travel time in national park units using readily available\ngeospatial products such as road, trail, and stream networks, digital elevation\nmodels and land cover data. Outputs from the TTCSM are point-to-point specific\ntravel time least cost paths (i.e. the modeled fastest path(s)) and raster maps\nin which each cell value is the modeled time required to reach the given cell\nfrom the specified starting point(s).\n\nIn order to derive accurate travel time estimates, the\nTTCSM is intended to be dynamic in nature with the ability to accommodate user\n(e.g., hiker, backpacker), temporal (e.g., winter / summer data collection) and\npark specific conditions. The essence of the TTCSM is deriving a meaningful\ntravel cost surface. Travel cost is a function of the user-defined and derived\ncost and speed surfaces. The cost surface defines the weight or impedance of\ntraveling through a cell, while the speed surface defines the speed at which\nmovement within the cell occurs. Speed is a function of the user-defined\naverage walking speed and slope, except on the road network where speed is\nequal to the defined road speed limit. Using the derived travel cost surface,\ntravel time calculations are performed using either traditional cost distance\nor more robust path distance modeling methods.\n\nThe TTCSM is intended to be used as a tool to facilitate\nmore efficient field data sampling design and planning.",
    "MasterId": null,
    "CanHaveProjectAndSiblings": true,
    "RelatedCaption": "Related Published Report Section",
    "TypeId": "PublishedReport",
    "CrossRefCount": 0,
    "Downloadability": "Public",
    "TypeName": "Published Report",
    "LinkedResourceCount": 3,
    "ReferenceId": 2212337,
    "Visibility": "Public",
    "OriginatingPrpCount": 0,
    "CanBeVersioned": true,
    "CanHaveChildren": true,
    "RefVersionsCount": 5,
    "RelatedCount": 0,
    "SelfFieldInfoInternal": [
        {
            "Required": false,
            "Name": "ContentBeginDate",
            "DisplayName": "Content Begin Date",
            "ContactType": null
        },
        {
            "Required": false,
            "Name": "ContentEndDate",
            "DisplayName": "Content End Date",
            "ContactType": null
        },
        {
            "Required": false,
            "Name": "DateOfIssue",
            "DisplayName": "Date Published",
            "ContactType": null
        },
        {
            "Required": false,
            "Name": "Description",
            "DisplayName": "Description",
            "ContactType": null
        },
        {
            "Required": false,
            "Name": "Edition",
            "DisplayName": "Edition",
            "ContactType": null
        },
        {
            "Required": false,
            "Name": "Location",
            "DisplayName": "Place Published",
            "ContactType": null
        },
        {
            "Required": false,
            "Name": "MiscCode",
            "DisplayName": "Report Number/ID",
            "ContactType": null
        },
        {
            "Required": false,
            "Name": "Notes",
            "DisplayName": "Notes",
            "ContactType": null
        },
        {
            "Required": false,
            "Name": "Publisher",
            "DisplayName": "Publisher",
            "ContactType": null
        },
        {
            "Required": false,
            "Name": "Size1",
            "DisplayName": "Number of Pages",
            "ContactType": null
        },
        {
            "Required": false,
            "Name": "TableOfContents",
            "DisplayName": "Table of Contents",
            "ContactType": null
        },
        {
            "Required": true,
            "Name": "Title",
            "DisplayName": "Title",
            "ContactType": null
        },
        {
            "Required": false,
            "Name": "Contacts1",
            "DisplayName": "Author(s)",
            "ContactType": "Mixed"
        },
        {
            "Required": false,
            "Name": "Contacts2",
            "DisplayName": "Editor(s)",
            "ContactType": "Mixed"
        }
    ],
    "IsReadOnly": true,
    "Title": "Travel Time Cost Surface Model:  User Guide",
    "DisableFilesLinksTab": false,
    "ParentFieldInfoInternal": [
        {
            "Required": false,
            "Name": "Publisher",
            "DisplayName": "Publisher",
            "ContactType": null
        },
        {
            "Required": true,
            "Name": "Title",
            "DisplayName": "Title",
            "ContactType": null
        }
    ],
    "CanHaveProducts": false,
    "ProductsCount": 0,
    "HasOriginationFlag": true,
    "DisplayCitation": "Frakes B and Others. 2014. Travel Time Cost Surface Model:  User Guide. Natural Resource Report. NPS Inventory and Monitoring. Fort Collins, Colorado",
    "Lifecycle": "",
    "CanUserViewGrandparent": true,
    "CanUserViewParent": true
}