[
    {
        "Description": "User Guide",
        "FileManagerId": 114741,
        "WebServiceType": null,
        "FileDescription": "TTCSM.pdf",
        "NeedsToBeQueued": false,
        "FileSize": 754152,
        "LastVerified": "/Date(-62135571600000)/",
        "Id": 496603,
        "Url": "https://irma.nps.gov/DataStore/DownloadFile/496603",
        "HoldingType": 0,
        "ServiceTemplate": null,
        "DisableDownload": false,
        "MimeType": "application/pdf",
        "QueueForServices": false,
        "Accessibility": null,
        "DisplayOrder": 1
    },
    {
        "Description": "Contains user guide, model and example data",
        "FileManagerId": 74824,
        "WebServiceType": null,
        "FileDescription": "NPS_Travel_Time_Cost_Surface_Model_TTCSM-20140722.zip",
        "NeedsToBeQueued": false,
        "FileSize": 833187,
        "LastVerified": "/Date(-62135571600000)/",
        "Id": 496604,
        "Url": "https://irma.nps.gov/DataStore/DownloadFile/496604",
        "HoldingType": 0,
        "ServiceTemplate": null,
        "DisableDownload": false,
        "MimeType": "application/zip",
        "QueueForServices": false,
        "Accessibility": null,
        "DisplayOrder": 2
    },
    {
        "Description": "Webinar providing overview of the model (from 7/23/2014)",
        "FileManagerId": 80727,
        "WebServiceType": null,
        "FileDescription": "2014-07-23_11.18_Travel_Time_Cost_Surface_Model.wmv",
        "NeedsToBeQueued": false,
        "FileSize": 46925129,
        "LastVerified": "/Date(-62135571600000)/",
        "Id": 496761,
        "Url": "https://irma.nps.gov/DataStore/DownloadFile/496761",
        "HoldingType": 0,
        "ServiceTemplate": null,
        "DisableDownload": false,
        "MimeType": "video/x-ms-wmv",
        "QueueForServices": false,
        "Accessibility": null,
        "DisplayOrder": 3
    }
]