[
    {
        "Description": "Final Report",
        "FileManagerId": 115876,
        "WebServiceType": null,
        "FileDescription": "Intertidal_10_Annual_Report_V1.0_20120229.pdf",
        "NeedsToBeQueued": false,
        "FileSize": 953178,
        "LastVerified": "/Date(-62135571600000)/",
        "Id": 446756,
        "Url": "https://irma.nps.gov/DataStore/DownloadFile/446756",
        "HoldingType": 0,
        "ServiceTemplate": null,
        "DisableDownload": false,
        "MimeType": "application/pdf",
        "QueueForServices": false,
        "Accessibility": null,
        "DisplayOrder": 1
    }
]