[
    {
        "Description": "Rare woodland and forest community monitoring protocol for Acadia National Park",
        "FileManagerId": 142592,
        "WebServiceType": null,
        "FileDescription": "Rare_Community_Protocol_FINAL.pdf",
        "NeedsToBeQueued": false,
        "FileSize": 2016559,
        "LastVerified": "/Date(-62135571600000)/",
        "Id": 449290,
        "Url": "https://irma.nps.gov/DataStore/DownloadFile/449290",
        "HoldingType": 0,
        "ServiceTemplate": null,
        "DisableDownload": false,
        "MimeType": "application/pdf",
        "QueueForServices": false,
        "Accessibility": null,
        "DisplayOrder": 1
    }
]