[
    {
        "Description": null,
        "FileManagerId": 134785,
        "WebServiceType": null,
        "FileDescription": "DEWA_UPDE_Assessment_NPS_NER_NRR_2011_429.pdf",
        "NeedsToBeQueued": false,
        "FileSize": 2546145,
        "LastVerified": "/Date(-62135571600000)/",
        "Id": 431819,
        "Url": "https://irma.nps.gov/DataStore/DownloadFile/431819",
        "HoldingType": 0,
        "ServiceTemplate": null,
        "DisableDownload": false,
        "MimeType": "application/pdf",
        "QueueForServices": false,
        "Accessibility": null,
        "DisplayOrder": 1
    }
]