[
    {
        "Description": null,
        "FileManagerId": 89925,
        "WebServiceType": null,
        "FileDescription": "SymstadA_FOUS_VegetationManagement_201204.pdf",
        "NeedsToBeQueued": false,
        "FileSize": 10337658,
        "LastVerified": "/Date(-62135571600000)/",
        "Id": 448328,
        "Url": "https://irma.nps.gov/DataStore/DownloadFile/448328",
        "HoldingType": 0,
        "ServiceTemplate": null,
        "DisableDownload": false,
        "MimeType": "application/pdf",
        "QueueForServices": false,
        "Accessibility": null,
        "DisplayOrder": 1
    }
]