[
    {
        "Description": "Northeast Temperate Network Long-term Forest Monitoring Protocol: 2013 Revision",
        "FileManagerId": 98056,
        "WebServiceType": null,
        "FileDescription": "NETN_Forest_Monitoring_2013_Revision_FINAL.pdf",
        "NeedsToBeQueued": false,
        "FileSize": 9571669,
        "LastVerified": "/Date(-62135571600000)/",
        "Id": 466150,
        "Url": "https://irma.nps.gov/DataStore/DownloadFile/466150",
        "HoldingType": 0,
        "ServiceTemplate": null,
        "DisableDownload": false,
        "MimeType": "application/pdf",
        "QueueForServices": false,
        "Accessibility": null,
        "DisplayOrder": 1
    }
]