[
    {
        "Description": "2011 Aquatic Amphibian Monitoring Protocol for Santa Monica Mountains National Recreation Area",
        "FileManagerId": 122501,
        "WebServiceType": null,
        "FileDescription": "AqHerp_protocol_final.pdf",
        "NeedsToBeQueued": false,
        "FileSize": 5639675,
        "LastVerified": "/Date(-62135571600000)/",
        "Id": 442482,
        "Url": "https://irma.nps.gov/DataStore/DownloadFile/442482",
        "HoldingType": 0,
        "ServiceTemplate": null,
        "DisableDownload": false,
        "MimeType": "application/pdf",
        "QueueForServices": false,
        "Accessibility": null,
        "DisplayOrder": 1
    }
]