[
    {
        "Description": null,
        "FileManagerId": 142262,
        "WebServiceType": null,
        "FileDescription": "MORU-2013-MGM2-final_nrss.pdf",
        "NeedsToBeQueued": false,
        "FileSize": 272536,
        "LastVerified": "/Date(-62135571600000)/",
        "Id": 494891,
        "Url": "https://irma.nps.gov/DataStore/DownloadFile/494891",
        "HoldingType": 0,
        "ServiceTemplate": null,
        "DisableDownload": false,
        "MimeType": "application/pdf",
        "QueueForServices": false,
        "Accessibility": null,
        "DisplayOrder": 1
    }
]