[
    {
        "Description": null,
        "FileManagerId": 136588,
        "WebServiceType": null,
        "FileDescription": "CSAP2_AKR_report_after_reviews_nrss.pdf",
        "NeedsToBeQueued": false,
        "FileSize": 920891,
        "LastVerified": "/Date(-62135571600000)/",
        "Id": 475470,
        "Url": "https://irma.nps.gov/DataStore/DownloadFile/475470",
        "HoldingType": 0,
        "ServiceTemplate": null,
        "DisableDownload": false,
        "MimeType": "application/pdf",
        "QueueForServices": false,
        "Accessibility": null,
        "DisplayOrder": 1
    }
]